vgg_16 (fc6),operation_point = 0.5
noftopfeatures,20.0,40.0,60.0,80.0,100.0,120.0,140.0,160.0,180.0,200.0,220.0,240.0,260.0,280.0,300.0,320.0,340.0,360.0,380.0,400.0,420.0,440.0,460.0,480.0,500.0,520.0,540.0,560.0,580.0,600.0,620.0,640.0,660.0,680.0,700.0,720.0,740.0,760.0,780.0,800.0,820.0,840.0,860.0,880.0,900.0,920.0,940.0,960.0,980.0,1000.0,1020.0,1040.0,1060.0,1080.0,1100.0,1120.0,1140.0,1160.0,1180.0,1200.0,1220.0,1240.0,1260.0,1280.0,1300.0,1320.0,1340.0,1360.0,1380.0,1400.0,1420.0,1440.0,1460.0,1480.0,1500.0,1520.0,1540.0,1560.0,1580.0,1600.0,1620.0,1640.0,1660.0,1680.0,1700.0,1720.0,1740.0,1760.0,1780.0,1800.0,1820.0,1840.0,1860.0,1880.0,1900.0,1920.0,1940.0,1960.0,1980.0,2000.0,2020.0,2040.0,2060.0,2080.0,2100.0,2120.0,2140.0,2160.0,2180.0,2200.0,2220.0,2240.0,2260.0,2280.0,2300.0,2320.0,2340.0,2360.0,2380.0,2400.0,2420.0,2440.0,2460.0,2480.0,2500.0,2520.0,2540.0,2560.0,2580.0,2600.0,2620.0,2640.0,2660.0,2680.0,2700.0,2720.0,2740.0,2760.0,2780.0,2800.0,2820.0,2840.0,2860.0,2880.0,2900.0,2920.0,2940.0,2960.0,2980.0,3000.0,3020.0,3040.0,3060.0,3080.0,3100.0,3120.0,3140.0,3160.0,3180.0,3200.0,3220.0,3240.0,3260.0,3280.0,3300.0,3320.0,3340.0,3360.0,3380.0,3400.0,3420.0,3440.0,3460.0,3480.0,3500.0,3520.0,3540.0,3560.0,3580.0,3600.0,3620.0,3640.0,3660.0,3673.0
accuracy,75.60\% $\pm$ 1.97\%,76.71\% $\pm$ 2.53\%,78.12\% $\pm$ 2.54\%,79.18\% $\pm$ 1.95\%,79.47\% $\pm$ 2.16\%,78.84\% $\pm$ 2.31\%,79.28\% $\pm$ 1.80\%,79.42\% $\pm$ 1.87\%,80.10\% $\pm$ 1.83\%,79.86\% $\pm$ 2.02\%,79.90\% $\pm$ 2.25\%,79.32\% $\pm$ 2.31\%,79.71\% $\pm$ 2.13\%,80.29\% $\pm$ 2.30\%,80.39\% $\pm$ 1.89\%,80.63\% $\pm$ 2.56\%,80.14\% $\pm$ 0.99\%,80.92\% $\pm$ 0.81\%,80.14\% $\pm$ 1.94\%,79.76\% $\pm$ 1.02\%,80.53\% $\pm$ 1.38\%,80.82\% $\pm$ 1.39\%,81.35\% $\pm$ 1.15\%,81.21\% $\pm$ 1.25\%,81.06\% $\pm$ 1.37\%,80.87\% $\pm$ 1.34\%,80.43\% $\pm$ 1.79\%,80.53\% $\pm$ 1.17\%,80.82\% $\pm$ 0.64\%,80.48\% $\pm$ 1.51\%,80.34\% $\pm$ 0.95\%,80.92\% $\pm$ 0.53\%,81.26\% $\pm$ 1.69\%,80.97\% $\pm$ 1.64\%,80.58\% $\pm$ 0.95\%,80.87\% $\pm$ 2.09\%,81.59\% $\pm$ 0.80\%,80.53\% $\pm$ 0.87\%,79.47\% $\pm$ 1.51\%,80.87\% $\pm$ 0.74\%,81.01\% $\pm$ 1.21\%,80.97\% $\pm$ 1.12\%,81.21\% $\pm$ 1.16\%,80.68\% $\pm$ 1.31\%,80.63\% $\pm$ 1.07\%,81.69\% $\pm$ 1.22\%,80.72\% $\pm$ 1.17\%,79.71\% $\pm$ 1.10\%,80.53\% $\pm$ 1.50\%,80.82\% $\pm$ 1.00\%,81.21\% $\pm$ 1.03\%,81.06\% $\pm$ 1.31\%,81.64\% $\pm$ 1.62\%,81.50\% $\pm$ 0.90\%,81.35\% $\pm$ 2.48\%,81.11\% $\pm$ 0.98\%,81.11\% $\pm$ 1.61\%,80.43\% $\pm$ 0.95\%,81.11\% $\pm$ 1.80\%,81.88\% $\pm$ 0.70\%,81.74\% $\pm$ 1.85\%,80.19\% $\pm$ 0.97\%,81.64\% $\pm$ 2.23\%,80.72\% $\pm$ 1.08\%,81.40\% $\pm$ 1.56\%,82.42\% $\pm$ 2.17\%,81.45\% $\pm$ 1.84\%,81.55\% $\pm$ 1.92\%,81.55\% $\pm$ 1.43\%,81.16\% $\pm$ 2.11\%,81.74\% $\pm$ 0.76\%,81.69\% $\pm$ 1.07\%,81.01\% $\pm$ 1.76\%,81.26\% $\pm$ 1.41\%,81.26\% $\pm$ 1.49\%,81.26\% $\pm$ 1.30\%,81.88\% $\pm$ 0.63\%,80.72\% $\pm$ 1.53\%,81.50\% $\pm$ 1.06\%,81.30\% $\pm$ 1.40\%,81.55\% $\pm$ 1.77\%,81.35\% $\pm$ 1.46\%,80.82\% $\pm$ 1.28\%,80.82\% $\pm$ 1.43\%,81.21\% $\pm$ 1.33\%,80.92\% $\pm$ 2.51\%,81.30\% $\pm$ 1.45\%,80.97\% $\pm$ 0.42\%,81.93\% $\pm$ 1.33\%,81.50\% $\pm$ 0.90\%,82.13\% $\pm$ 1.71\%,80.48\% $\pm$ 0.86\%,81.26\% $\pm$ 0.36\%,80.53\% $\pm$ 0.90\%,81.74\% $\pm$ 0.80\%,81.93\% $\pm$ 1.30\%,81.98\% $\pm$ 1.44\%,81.35\% $\pm$ 1.03\%,81.69\% $\pm$ 1.20\%,81.06\% $\pm$ 1.09\%,81.64\% $\pm$ 1.47\%,82.42\% $\pm$ 1.16\%,81.40\% $\pm$ 1.51\%,81.93\% $\pm$ 0.98\%,81.64\% $\pm$ 1.42\%,81.06\% $\pm$ 1.68\%,81.64\% $\pm$ 1.52\%,81.21\% $\pm$ 0.28\%,80.77\% $\pm$ 0.64\%,82.22\% $\pm$ 1.53\%,82.27\% $\pm$ 1.82\%,82.27\% $\pm$ 0.86\%,81.93\% $\pm$ 1.13\%,81.35\% $\pm$ 1.34\%,81.59\% $\pm$ 0.58\%,81.30\% $\pm$ 1.49\%,82.22\% $\pm$ 1.35\%,81.79\% $\pm$ 1.09\%,81.11\% $\pm$ 1.48\%,81.79\% $\pm$ 1.30\%,81.50\% $\pm$ 1.82\%,82.13\% $\pm$ 1.23\%,81.79\% $\pm$ 1.28\%,82.13\% $\pm$ 1.41\%,82.22\% $\pm$ 1.21\%,81.35\% $\pm$ 0.86\%,81.55\% $\pm$ 1.10\%,81.84\% $\pm$ 1.34\%,82.56\% $\pm$ 1.96\%,81.26\% $\pm$ 1.53\%,82.75\% $\pm$ 1.21\%,81.45\% $\pm$ 1.08\%,81.06\% $\pm$ 1.11\%,82.03\% $\pm$ 0.66\%,81.88\% $\pm$ 1.26\%,81.01\% $\pm$ 0.69\%,82.85\% $\pm$ 0.95\%,81.84\% $\pm$ 1.24\%,81.69\% $\pm$ 0.49\%,81.79\% $\pm$ 1.04\%,81.59\% $\pm$ 1.72\%,81.84\% $\pm$ 1.44\%,82.66\% $\pm$ 1.13\%,82.42\% $\pm$ 1.27\%,81.59\% $\pm$ 0.81\%,81.93\% $\pm$ 1.58\%,81.06\% $\pm$ 0.83\%,82.27\% $\pm$ 1.25\%,82.37\% $\pm$ 1.71\%,81.45\% $\pm$ 1.45\%,81.98\% $\pm$ 0.92\%,82.85\% $\pm$ 0.90\%,81.64\% $\pm$ 0.99\%,81.45\% $\pm$ 1.28\%,81.79\% $\pm$ 1.17\%,80.39\% $\pm$ 1.14\%,81.84\% $\pm$ 0.28\%,82.90\% $\pm$ 0.81\%,82.66\% $\pm$ 2.23\%,82.17\% $\pm$ 2.15\%,81.59\% $\pm$ 0.83\%,82.03\% $\pm$ 1.59\%,81.88\% $\pm$ 0.73\%,82.37\% $\pm$ 1.43\%,81.16\% $\pm$ 1.55\%,81.98\% $\pm$ 1.59\%,82.75\% $\pm$ 1.66\%,81.50\% $\pm$ 1.22\%,82.51\% $\pm$ 0.99\%,82.27\% $\pm$ 1.52\%,82.71\% $\pm$ 1.62\%,81.74\% $\pm$ 1.34\%,81.93\% $\pm$ 1.20\%,81.59\% $\pm$ 0.98\%,83.57\% $\pm$ 1.42\%,83.00\% $\pm$ 1.27\%,81.93\% $\pm$ 1.48\%,82.13\% $\pm$ 0.88\%,82.66\% $\pm$ 0.32\%,82.37\% $\pm$ 1.74\%,81.26\% $\pm$ 0.54\%,81.69\% $\pm$ 1.34\%,82.32\% $\pm$ 0.71\%,82.42\% $\pm$ 1.56\%
mcc,0.3192 $\pm$ 0.0521,0.3372 $\pm$ 0.0444,0.3627 $\pm$ 0.0475,0.3787 $\pm$ 0.0434,0.3702 $\pm$ 0.0406,0.3415 $\pm$ 0.0429,0.3467 $\pm$ 0.0335,0.3497 $\pm$ 0.0353,0.3809 $\pm$ 0.0407,0.3501 $\pm$ 0.0460,0.3792 $\pm$ 0.0421,0.3599 $\pm$ 0.0605,0.3633 $\pm$ 0.0558,0.3777 $\pm$ 0.0461,0.3788 $\pm$ 0.0394,0.3836 $\pm$ 0.0423,0.3663 $\pm$ 0.0182,0.3829 $\pm$ 0.0288,0.3726 $\pm$ 0.0539,0.3570 $\pm$ 0.0268,0.3651 $\pm$ 0.0327,0.3775 $\pm$ 0.0283,0.3860 $\pm$ 0.0196,0.3924 $\pm$ 0.0239,0.3857 $\pm$ 0.0475,0.3883 $\pm$ 0.0359,0.3720 $\pm$ 0.0350,0.3599 $\pm$ 0.0539,0.3616 $\pm$ 0.0160,0.3486 $\pm$ 0.0338,0.3571 $\pm$ 0.0379,0.3636 $\pm$ 0.0367,0.3731 $\pm$ 0.0383,0.3669 $\pm$ 0.0525,0.3666 $\pm$ 0.0097,0.3755 $\pm$ 0.0454,0.3836 $\pm$ 0.0183,0.3443 $\pm$ 0.0256,0.3400 $\pm$ 0.0254,0.3646 $\pm$ 0.0168,0.3715 $\pm$ 0.0428,0.3680 $\pm$ 0.0273,0.3778 $\pm$ 0.0293,0.3641 $\pm$ 0.0458,0.3613 $\pm$ 0.0258,0.3967 $\pm$ 0.0300,0.3701 $\pm$ 0.0264,0.3351 $\pm$ 0.0344,0.3611 $\pm$ 0.0303,0.3598 $\pm$ 0.0312,0.3816 $\pm$ 0.0460,0.3643 $\pm$ 0.0281,0.3875 $\pm$ 0.0298,0.3794 $\pm$ 0.0308,0.3616 $\pm$ 0.0573,0.3654 $\pm$ 0.0210,0.3545 $\pm$ 0.0599,0.3577 $\pm$ 0.0290,0.3698 $\pm$ 0.0601,0.3844 $\pm$ 0.0305,0.3836 $\pm$ 0.0486,0.3477 $\pm$ 0.0309,0.3818 $\pm$ 0.0744,0.3624 $\pm$ 0.0383,0.3790 $\pm$ 0.0358,0.4029 $\pm$ 0.0418,0.3801 $\pm$ 0.0620,0.3788 $\pm$ 0.0588,0.3741 $\pm$ 0.0367,0.3541 $\pm$ 0.0398,0.3829 $\pm$ 0.0288,0.3759 $\pm$ 0.0283,0.3448 $\pm$ 0.0444,0.3733 $\pm$ 0.0327,0.3711 $\pm$ 0.0294,0.3647 $\pm$ 0.0252,0.3864 $\pm$ 0.0267,0.3517 $\pm$ 0.0583,0.3655 $\pm$ 0.0278,0.3666 $\pm$ 0.0223,0.3809 $\pm$ 0.0326,0.3827 $\pm$ 0.0541,0.3505 $\pm$ 0.0281,0.3609 $\pm$ 0.0240,0.3632 $\pm$ 0.0331,0.3631 $\pm$ 0.0762,0.3787 $\pm$ 0.0397,0.3695 $\pm$ 0.0195,0.3804 $\pm$ 0.0534,0.3576 $\pm$ 0.0242,0.3891 $\pm$ 0.0214,0.3579 $\pm$ 0.0154,0.3630 $\pm$ 0.0279,0.3426 $\pm$ 0.0356,0.3902 $\pm$ 0.0241,0.4020 $\pm$ 0.0287,0.3854 $\pm$ 0.0474,0.3905 $\pm$ 0.0339,0.3754 $\pm$ 0.0465,0.3696 $\pm$ 0.0247,0.3686 $\pm$ 0.0521,0.3953 $\pm$ 0.0336,0.3657 $\pm$ 0.0364,0.3875 $\pm$ 0.0393,0.3864 $\pm$ 0.0414,0.3670 $\pm$ 0.0393,0.3580 $\pm$ 0.0287,0.3626 $\pm$ 0.0192,0.3535 $\pm$ 0.0275,0.3957 $\pm$ 0.0356,0.3930 $\pm$ 0.0352,0.4062 $\pm$ 0.0199,0.3791 $\pm$ 0.0391,0.3685 $\pm$ 0.0384,0.3731 $\pm$ 0.0233,0.3707 $\pm$ 0.0375,0.3972 $\pm$ 0.0341,0.3674 $\pm$ 0.0363,0.3602 $\pm$ 0.0231,0.3752 $\pm$ 0.0405,0.3660 $\pm$ 0.0502,0.3980 $\pm$ 0.0284,0.3743 $\pm$ 0.0285,0.3935 $\pm$ 0.0295,0.4014 $\pm$ 0.0293,0.3617 $\pm$ 0.0234,0.3762 $\pm$ 0.0281,0.3785 $\pm$ 0.0365,0.4000 $\pm$ 0.0350,0.3663 $\pm$ 0.0568,0.4124 $\pm$ 0.0282,0.3522 $\pm$ 0.0259,0.3587 $\pm$ 0.0263,0.3796 $\pm$ 0.0108,0.3850 $\pm$ 0.0320,0.3670 $\pm$ 0.0254,0.4086 $\pm$ 0.0371,0.3762 $\pm$ 0.0188,0.3837 $\pm$ 0.0229,0.3831 $\pm$ 0.0331,0.3733 $\pm$ 0.0296,0.3754 $\pm$ 0.0366,0.3988 $\pm$ 0.0370,0.3819 $\pm$ 0.0347,0.3690 $\pm$ 0.0193,0.3954 $\pm$ 0.0374,0.3669 $\pm$ 0.0299,0.3753 $\pm$ 0.0349,0.3837 $\pm$ 0.0320,0.3746 $\pm$ 0.0320,0.3685 $\pm$ 0.0243,0.3996 $\pm$ 0.0231,0.3655 $\pm$ 0.0307,0.3682 $\pm$ 0.0294,0.3774 $\pm$ 0.0337,0.3341 $\pm$ 0.0306,0.3742 $\pm$ 0.0139,0.3950 $\pm$ 0.0267,0.4198 $\pm$ 0.0481,0.3693 $\pm$ 0.0489,0.3779 $\pm$ 0.0190,0.3902 $\pm$ 0.0318,0.3923 $\pm$ 0.0161,0.3751 $\pm$ 0.0423,0.3695 $\pm$ 0.0165,0.3799 $\pm$ 0.0374,0.4021 $\pm$ 0.0220,0.3728 $\pm$ 0.0314,0.3897 $\pm$ 0.0287,0.3923 $\pm$ 0.0504,0.4031 $\pm$ 0.0406,0.3775 $\pm$ 0.0291,0.3806 $\pm$ 0.0231,0.3636 $\pm$ 0.0202,0.4260 $\pm$ 0.0277,0.4043 $\pm$ 0.0465,0.3824 $\pm$ 0.0307,0.3775 $\pm$ 0.0278,0.3956 $\pm$ 0.0039,0.4040 $\pm$ 0.0444,0.3762 $\pm$ 0.0205,0.3708 $\pm$ 0.0343,0.3795 $\pm$ 0.0309,0.3819 $\pm$ 0.0458
f1_score,84.54\% $\pm$ 1.30\%,85.32\% $\pm$ 1.74\%,86.29\% $\pm$ 1.72\%,87.05\% $\pm$ 1.28\%,87.30\% $\pm$ 1.45\%,86.94\% $\pm$ 1.56\%,87.25\% $\pm$ 1.19\%,87.35\% $\pm$ 1.25\%,87.73\% $\pm$ 1.20\%,87.67\% $\pm$ 1.34\%,87.59\% $\pm$ 1.48\%,87.23\% $\pm$ 1.46\%,87.51\% $\pm$ 1.38\%,87.89\% $\pm$ 1.52\%,87.96\% $\pm$ 1.25\%,88.11\% $\pm$ 1.72\%,87.83\% $\pm$ 0.67\%,88.34\% $\pm$ 0.58\%,87.80\% $\pm$ 1.25\%,87.58\% $\pm$ 0.67\%,88.12\% $\pm$ 0.89\%,88.29\% $\pm$ 0.91\%,88.65\% $\pm$ 0.75\%,88.52\% $\pm$ 0.82\%,88.44\% $\pm$ 0.83\%,88.28\% $\pm$ 0.83\%,88.02\% $\pm$ 1.20\%,88.14\% $\pm$ 0.68\%,88.35\% $\pm$ 0.39\%,88.14\% $\pm$ 1.01\%,88.00\% $\pm$ 0.59\%,88.41\% $\pm$ 0.30\%,88.62\% $\pm$ 1.09\%,88.44\% $\pm$ 1.03\%,88.15\% $\pm$ 0.65\%,88.33\% $\pm$ 1.37\%,88.84\% $\pm$ 0.50\%,88.20\% $\pm$ 0.55\%,87.42\% $\pm$ 1.03\%,88.37\% $\pm$ 0.51\%,88.45\% $\pm$ 0.73\%,88.43\% $\pm$ 0.71\%,88.57\% $\pm$ 0.79\%,88.23\% $\pm$ 0.79\%,88.20\% $\pm$ 0.75\%,88.86\% $\pm$ 0.83\%,88.24\% $\pm$ 0.78\%,87.62\% $\pm$ 0.69\%,88.13\% $\pm$ 1.04\%,88.35\% $\pm$ 0.66\%,88.56\% $\pm$ 0.59\%,88.51\% $\pm$ 0.84\%,88.86\% $\pm$ 1.06\%,88.78\% $\pm$ 0.53\%,88.73\% $\pm$ 1.62\%,88.55\% $\pm$ 0.67\%,88.58\% $\pm$ 0.96\%,88.07\% $\pm$ 0.63\%,88.53\% $\pm$ 1.09\%,89.04\% $\pm$ 0.45\%,88.94\% $\pm$ 1.18\%,87.93\% $\pm$ 0.59\%,88.88\% $\pm$ 1.35\%,88.27\% $\pm$ 0.70\%,88.71\% $\pm$ 1.02\%,89.36\% $\pm$ 1.43\%,88.74\% $\pm$ 1.10\%,88.81\% $\pm$ 1.18\%,88.83\% $\pm$ 0.90\%,88.62\% $\pm$ 1.40\%,88.94\% $\pm$ 0.45\%,88.93\% $\pm$ 0.66\%,88.55\% $\pm$ 1.12\%,88.62\% $\pm$ 0.90\%,88.63\% $\pm$ 0.99\%,88.66\% $\pm$ 0.86\%,89.04\% $\pm$ 0.45\%,88.31\% $\pm$ 0.92\%,88.83\% $\pm$ 0.68\%,88.68\% $\pm$ 0.96\%,88.81\% $\pm$ 1.18\%,88.66\% $\pm$ 0.88\%,88.38\% $\pm$ 0.84\%,88.34\% $\pm$ 0.99\%,88.63\% $\pm$ 0.84\%,88.41\% $\pm$ 1.55\%,88.64\% $\pm$ 0.91\%,88.43\% $\pm$ 0.25\%,89.09\% $\pm$ 0.77\%,88.85\% $\pm$ 0.57\%,89.20\% $\pm$ 1.16\%,88.11\% $\pm$ 0.60\%,88.66\% $\pm$ 0.25\%,88.20\% $\pm$ 0.64\%,88.92\% $\pm$ 0.56\%,89.02\% $\pm$ 0.84\%,89.11\% $\pm$ 0.87\%,88.63\% $\pm$ 0.63\%,88.93\% $\pm$ 0.71\%,88.50\% $\pm$ 0.70\%,88.92\% $\pm$ 0.88\%,89.39\% $\pm$ 0.72\%,88.75\% $\pm$ 1.00\%,89.07\% $\pm$ 0.60\%,88.86\% $\pm$ 0.90\%,88.50\% $\pm$ 1.11\%,88.96\% $\pm$ 1.01\%,88.63\% $\pm$ 0.17\%,88.34\% $\pm$ 0.39\%,89.25\% $\pm$ 0.99\%,89.29\% $\pm$ 1.21\%,89.25\% $\pm$ 0.56\%,89.10\% $\pm$ 0.69\%,88.71\% $\pm$ 0.83\%,88.87\% $\pm$ 0.38\%,88.67\% $\pm$ 0.95\%,89.24\% $\pm$ 0.88\%,89.04\% $\pm$ 0.69\%,88.56\% $\pm$ 1.00\%,89.01\% $\pm$ 0.79\%,88.83\% $\pm$ 1.15\%,89.17\% $\pm$ 0.80\%,89.01\% $\pm$ 0.83\%,89.19\% $\pm$ 0.92\%,89.23\% $\pm$ 0.77\%,88.74\% $\pm$ 0.57\%,88.83\% $\pm$ 0.70\%,89.03\% $\pm$ 0.86\%,89.48\% $\pm$ 1.30\%,88.65\% $\pm$ 0.91\%,89.58\% $\pm$ 0.77\%,88.84\% $\pm$ 0.71\%,88.54\% $\pm$ 0.72\%,89.16\% $\pm$ 0.46\%,89.04\% $\pm$ 0.79\%,88.47\% $\pm$ 0.44\%,89.66\% $\pm$ 0.59\%,89.04\% $\pm$ 0.83\%,88.91\% $\pm$ 0.30\%,88.98\% $\pm$ 0.63\%,88.87\% $\pm$ 1.16\%,89.04\% $\pm$ 0.92\%,89.56\% $\pm$ 0.75\%,89.44\% $\pm$ 0.80\%,88.89\% $\pm$ 0.52\%,89.04\% $\pm$ 1.03\%,88.51\% $\pm$ 0.58\%,89.36\% $\pm$ 0.78\%,89.39\% $\pm$ 1.13\%,88.76\% $\pm$ 0.94\%,89.17\% $\pm$ 0.58\%,89.69\% $\pm$ 0.59\%,88.93\% $\pm$ 0.60\%,88.78\% $\pm$ 0.82\%,89.00\% $\pm$ 0.73\%,88.13\% $\pm$ 0.71\%,89.04\% $\pm$ 0.20\%,89.75\% $\pm$ 0.49\%,89.48\% $\pm$ 1.47\%,89.30\% $\pm$ 1.38\%,88.85\% $\pm$ 0.53\%,89.13\% $\pm$ 1.05\%,89.02\% $\pm$ 0.46\%,89.43\% $\pm$ 0.88\%,88.56\% $\pm$ 1.08\%,89.13\% $\pm$ 1.01\%,89.61\% $\pm$ 1.11\%,88.80\% $\pm$ 0.76\%,89.48\% $\pm$ 0.62\%,89.30\% $\pm$ 0.92\%,89.58\% $\pm$ 1.04\%,88.96\% $\pm$ 0.85\%,89.09\% $\pm$ 0.79\%,88.91\% $\pm$ 0.64\%,90.13\% $\pm$ 0.92\%,89.78\% $\pm$ 0.77\%,89.08\% $\pm$ 0.98\%,89.24\% $\pm$ 0.53\%,89.57\% $\pm$ 0.24\%,89.32\% $\pm$ 1.12\%,88.62\% $\pm$ 0.32\%,88.95\% $\pm$ 0.85\%,89.38\% $\pm$ 0.42\%,89.44\% $\pm$ 0.98\%
precision,93.07\% $\pm$ 0.99\%,93.24\% $\pm$ 0.72\%,93.59\% $\pm$ 0.53\%,93.73\% $\pm$ 0.73\%,93.37\% $\pm$ 0.42\%,92.71\% $\pm$ 0.71\%,92.75\% $\pm$ 0.36\%,92.78\% $\pm$ 0.88\%,93.48\% $\pm$ 0.66\%,92.65\% $\pm$ 0.84\%,93.46\% $\pm$ 0.33\%,93.12\% $\pm$ 0.52\%,93.12\% $\pm$ 0.73\%,93.28\% $\pm$ 0.64\%,93.30\% $\pm$ 0.85\%,93.31\% $\pm$ 0.37\%,93.04\% $\pm$ 0.62\%,93.25\% $\pm$ 1.46\%,93.23\% $\pm$ 1.08\%,92.91\% $\pm$ 0.88\%,92.87\% $\pm$ 0.69\%,93.11\% $\pm$ 0.70\%,93.16\% $\pm$ 0.71\%,93.41\% $\pm$ 0.50\%,93.29\% $\pm$ 0.95\%,93.43\% $\pm$ 0.38\%,93.08\% $\pm$ 0.95\%,92.78\% $\pm$ 1.28\%,92.68\% $\pm$ 0.53\%,92.40\% $\pm$ 1.25\%,92.75\% $\pm$ 0.76\%,92.71\% $\pm$ 1.45\%,92.82\% $\pm$ 0.43\%,92.76\% $\pm$ 1.42\%,92.88\% $\pm$ 0.91\%,93.01\% $\pm$ 1.00\%,93.01\% $\pm$ 0.65\%,92.29\% $\pm$ 0.90\%,92.51\% $\pm$ 0.65\%,92.74\% $\pm$ 0.88\%,92.91\% $\pm$ 0.69\%,92.80\% $\pm$ 0.53\%,93.00\% $\pm$ 1.11\%,92.83\% $\pm$ 0.66\%,92.76\% $\pm$ 0.52\%,93.36\% $\pm$ 1.09\%,92.95\% $\pm$ 0.88\%,92.31\% $\pm$ 0.80\%,92.75\% $\pm$ 0.96\%,92.64\% $\pm$ 0.92\%,93.14\% $\pm$ 0.93\%,92.65\% $\pm$ 0.46\%,93.08\% $\pm$ 0.52\%,92.95\% $\pm$ 0.43\%,92.43\% $\pm$ 1.02\%,92.66\% $\pm$ 1.15\%,92.39\% $\pm$ 1.04\%,92.71\% $\pm$ 0.93\%,92.81\% $\pm$ 1.00\%,92.94\% $\pm$ 1.10\%,92.93\% $\pm$ 1.06\%,92.51\% $\pm$ 0.50\%,92.96\% $\pm$ 0.88\%,92.74\% $\pm$ 1.22\%,92.95\% $\pm$ 0.63\%,93.16\% $\pm$ 0.95\%,92.99\% $\pm$ 0.55\%,92.90\% $\pm$ 0.54\%,92.75\% $\pm$ 0.54\%,92.30\% $\pm$ 0.58\%,92.97\% $\pm$ 0.26\%,92.76\% $\pm$ 0.40\%,92.13\% $\pm$ 0.67\%,92.83\% $\pm$ 0.68\%,92.77\% $\pm$ 0.77\%,92.58\% $\pm$ 1.00\%,92.99\% $\pm$ 1.19\%,92.47\% $\pm$ 1.22\%,92.54\% $\pm$ 0.79\%,92.62\% $\pm$ 0.95\%,92.91\% $\pm$ 0.84\%,93.10\% $\pm$ 1.09\%,92.36\% $\pm$ 0.66\%,92.63\% $\pm$ 1.06\%,92.57\% $\pm$ 0.87\%,92.67\% $\pm$ 0.97\%,92.98\% $\pm$ 0.64\%,92.86\% $\pm$ 0.91\%,92.83\% $\pm$ 0.85\%,92.32\% $\pm$ 0.73\%,92.91\% $\pm$ 0.87\%,92.69\% $\pm$ 0.73\%,92.58\% $\pm$ 1.13\%,92.26\% $\pm$ 1.38\%,93.14\% $\pm$ 1.25\%,93.41\% $\pm$ 0.42\%,92.94\% $\pm$ 0.38\%,93.32\% $\pm$ 0.87\%,92.76\% $\pm$ 1.06\%,92.81\% $\pm$ 0.64\%,92.60\% $\pm$ 0.74\%,93.03\% $\pm$ 0.55\%,92.58\% $\pm$ 0.57\%,93.01\% $\pm$ 1.17\%,93.08\% $\pm$ 0.87\%,92.71\% $\pm$ 1.15\%,92.24\% $\pm$ 1.01\%,92.57\% $\pm$ 1.09\%,92.48\% $\pm$ 0.97\%,93.12\% $\pm$ 0.34\%,92.97\% $\pm$ 0.95\%,93.39\% $\pm$ 0.95\%,92.78\% $\pm$ 0.50\%,92.67\% $\pm$ 0.59\%,92.71\% $\pm$ 1.20\%,92.73\% $\pm$ 1.00\%,93.17\% $\pm$ 0.57\%,92.48\% $\pm$ 1.29\%,92.50\% $\pm$ 0.69\%,92.71\% $\pm$ 0.44\%,92.53\% $\pm$ 0.64\%,93.22\% $\pm$ 0.61\%,92.66\% $\pm$ 0.66\%,93.07\% $\pm$ 0.74\%,93.28\% $\pm$ 0.65\%,92.48\% $\pm$ 1.10\%,92.81\% $\pm$ 0.94\%,92.77\% $\pm$ 0.73\%,93.05\% $\pm$ 0.71\%,92.68\% $\pm$ 1.02\%,93.38\% $\pm$ 0.55\%,92.18\% $\pm$ 0.95\%,92.50\% $\pm$ 0.79\%,92.73\% $\pm$ 0.82\%,92.93\% $\pm$ 0.56\%,92.76\% $\pm$ 1.08\%,93.23\% $\pm$ 1.22\%,92.68\% $\pm$ 0.75\%,92.98\% $\pm$ 1.15\%,92.93\% $\pm$ 0.72\%,92.67\% $\pm$ 0.99\%,92.67\% $\pm$ 0.83\%,93.02\% $\pm$ 1.47\%,92.63\% $\pm$ 0.82\%,92.59\% $\pm$ 0.79\%,93.20\% $\pm$ 0.93\%,92.73\% $\pm$ 1.45\%,92.50\% $\pm$ 0.85\%,92.67\% $\pm$ 0.93\%,92.79\% $\pm$ 0.70\%,92.43\% $\pm$ 0.89\%,92.97\% $\pm$ 0.71\%,92.49\% $\pm$ 0.44\%,92.63\% $\pm$ 0.50\%,92.76\% $\pm$ 0.69\%,92.06\% $\pm$ 0.44\%,92.67\% $\pm$ 0.77\%,92.82\% $\pm$ 0.69\%,93.59\% $\pm$ 0.91\%,92.34\% $\pm$ 0.57\%,92.85\% $\pm$ 0.65\%,93.00\% $\pm$ 1.02\%,93.15\% $\pm$ 0.75\%,92.46\% $\pm$ 0.65\%,92.73\% $\pm$ 1.09\%,92.73\% $\pm$ 0.55\%,93.02\% $\pm$ 0.83\%,92.74\% $\pm$ 0.43\%,92.83\% $\pm$ 0.66\%,93.02\% $\pm$ 0.61\%,93.11\% $\pm$ 0.84\%,92.77\% $\pm$ 0.50\%,92.79\% $\pm$ 0.74\%,92.44\% $\pm$ 0.81\%,93.39\% $\pm$ 0.56\%,93.04\% $\pm$ 1.21\%,92.83\% $\pm$ 0.69\%,92.64\% $\pm$ 0.57\%,92.95\% $\pm$ 0.74\%,93.29\% $\pm$ 0.95\%,92.93\% $\pm$ 0.85\%,92.61\% $\pm$ 0.70\%,92.62\% $\pm$ 1.19\%,92.63\% $\pm$ 1.02\%
recall,77.47\% $\pm$ 2.01\%,78.72\% $\pm$ 3.18\%,80.12\% $\pm$ 3.12\%,81.29\% $\pm$ 2.27\%,82.02\% $\pm$ 2.73\%,81.91\% $\pm$ 2.94\%,82.41\% $\pm$ 2.38\%,82.58\% $\pm$ 2.67\%,82.69\% $\pm$ 2.39\%,83.25\% $\pm$ 2.72\%,82.47\% $\pm$ 2.88\%,82.08\% $\pm$ 2.41\%,82.58\% $\pm$ 2.53\%,83.15\% $\pm$ 2.94\%,83.26\% $\pm$ 2.63\%,83.54\% $\pm$ 3.31\%,83.18\% $\pm$ 1.50\%,83.97\% $\pm$ 1.80\%,83.03\% $\pm$ 2.58\%,82.85\% $\pm$ 1.81\%,83.86\% $\pm$ 1.94\%,83.98\% $\pm$ 2.06\%,84.59\% $\pm$ 1.94\%,84.14\% $\pm$ 1.90\%,84.09\% $\pm$ 1.53\%,83.69\% $\pm$ 1.71\%,83.53\% $\pm$ 2.47\%,83.97\% $\pm$ 1.40\%,84.42\% $\pm$ 1.11\%,84.31\% $\pm$ 2.15\%,83.75\% $\pm$ 1.54\%,84.53\% $\pm$ 1.19\%,84.82\% $\pm$ 2.21\%,84.53\% $\pm$ 1.73\%,83.92\% $\pm$ 1.93\%,84.15\% $\pm$ 2.52\%,85.04\% $\pm$ 1.26\%,84.48\% $\pm$ 1.44\%,82.91\% $\pm$ 2.28\%,84.42\% $\pm$ 1.33\%,84.42\% $\pm$ 1.47\%,84.48\% $\pm$ 1.65\%,84.59\% $\pm$ 1.94\%,84.08\% $\pm$ 1.48\%,84.07\% $\pm$ 1.05\%,84.81\% $\pm$ 1.96\%,84.03\% $\pm$ 1.92\%,83.41\% $\pm$ 1.57\%,83.96\% $\pm$ 1.52\%,84.48\% $\pm$ 1.74\%,84.42\% $\pm$ 0.92\%,84.76\% $\pm$ 1.85\%,85.05\% $\pm$ 2.36\%,84.98\% $\pm$ 1.28\%,85.39\% $\pm$ 3.06\%,84.81\% $\pm$ 1.45\%,85.09\% $\pm$ 1.35\%,83.92\% $\pm$ 1.74\%,84.65\% $\pm$ 1.68\%,85.48\% $\pm$ 1.20\%,85.32\% $\pm$ 2.20\%,83.80\% $\pm$ 1.30\%,85.15\% $\pm$ 2.04\%,84.25\% $\pm$ 1.76\%,84.87\% $\pm$ 2.12\%,85.95\% $\pm$ 3.14\%,84.87\% $\pm$ 1.74\%,85.10\% $\pm$ 2.04\%,85.27\% $\pm$ 2.00\%,85.27\% $\pm$ 2.71\%,85.26\% $\pm$ 0.90\%,85.43\% $\pm$ 1.52\%,85.27\% $\pm$ 2.12\%,84.82\% $\pm$ 1.98\%,84.86\% $\pm$ 1.78\%,85.10\% $\pm$ 2.09\%,85.42\% $\pm$ 1.00\%,84.53\% $\pm$ 1.29\%,85.43\% $\pm$ 1.57\%,85.09\% $\pm$ 1.91\%,85.10\% $\pm$ 2.50\%,84.64\% $\pm$ 1.48\%,84.75\% $\pm$ 1.47\%,84.47\% $\pm$ 2.01\%,85.04\% $\pm$ 1.87\%,84.54\% $\pm$ 2.16\%,84.70\% $\pm$ 1.67\%,84.42\% $\pm$ 1.00\%,85.65\% $\pm$ 1.00\%,85.65\% $\pm$ 1.05\%,85.83\% $\pm$ 2.57\%,83.96\% $\pm$ 1.01\%,85.09\% $\pm$ 1.30\%,84.53\% $\pm$ 1.90\%,85.09\% $\pm$ 1.40\%,85.04\% $\pm$ 1.84\%,85.60\% $\pm$ 1.64\%,84.42\% $\pm$ 1.47\%,85.43\% $\pm$ 1.11\%,84.59\% $\pm$ 1.62\%,85.54\% $\pm$ 1.54\%,86.05\% $\pm$ 1.51\%,85.26\% $\pm$ 2.16\%,85.49\% $\pm$ 1.64\%,85.04\% $\pm$ 1.82\%,84.70\% $\pm$ 2.03\%,85.93\% $\pm$ 2.00\%,85.03\% $\pm$ 0.92\%,84.59\% $\pm$ 1.39\%,85.71\% $\pm$ 1.91\%,85.94\% $\pm$ 2.40\%,85.48\% $\pm$ 1.38\%,85.71\% $\pm$ 1.43\%,85.09\% $\pm$ 1.57\%,85.37\% $\pm$ 1.29\%,84.98\% $\pm$ 1.88\%,85.65\% $\pm$ 1.65\%,85.88\% $\pm$ 1.77\%,84.99\% $\pm$ 2.25\%,85.60\% $\pm$ 1.56\%,85.44\% $\pm$ 2.22\%,85.49\% $\pm$ 1.93\%,85.65\% $\pm$ 1.64\%,85.66\% $\pm$ 2.24\%,85.54\% $\pm$ 1.55\%,85.32\% $\pm$ 1.49\%,85.21\% $\pm$ 1.84\%,85.60\% $\pm$ 1.70\%,86.22\% $\pm$ 2.55\%,84.99\% $\pm$ 1.78\%,86.10\% $\pm$ 1.67\%,85.77\% $\pm$ 1.88\%,84.93\% $\pm$ 1.78\%,85.87\% $\pm$ 0.73\%,85.49\% $\pm$ 1.65\%,84.59\% $\pm$ 1.26\%,86.38\% $\pm$ 1.11\%,85.72\% $\pm$ 2.20\%,85.20\% $\pm$ 0.97\%,85.38\% $\pm$ 1.52\%,85.44\% $\pm$ 2.86\%,85.71\% $\pm$ 1.81\%,86.38\% $\pm$ 1.52\%,86.50\% $\pm$ 1.98\%,85.48\% $\pm$ 1.23\%,85.26\% $\pm$ 1.95\%,84.70\% $\pm$ 1.85\%,86.44\% $\pm$ 1.58\%,86.39\% $\pm$ 2.32\%,85.10\% $\pm$ 2.00\%,86.16\% $\pm$ 1.52\%,86.66\% $\pm$ 1.56\%,85.65\% $\pm$ 1.37\%,85.26\% $\pm$ 1.56\%,85.54\% $\pm$ 1.26\%,84.54\% $\pm$ 1.59\%,85.70\% $\pm$ 0.67\%,86.89\% $\pm$ 1.36\%,85.78\% $\pm$ 2.92\%,86.50\% $\pm$ 2.54\%,85.20\% $\pm$ 1.14\%,85.59\% $\pm$ 1.90\%,85.26\% $\pm$ 1.35\%,86.61\% $\pm$ 1.86\%,84.82\% $\pm$ 2.57\%,85.83\% $\pm$ 2.05\%,86.50\% $\pm$ 2.58\%,85.21\% $\pm$ 1.67\%,86.38\% $\pm$ 1.42\%,85.88\% $\pm$ 1.56\%,86.33\% $\pm$ 1.94\%,85.49\% $\pm$ 1.93\%,85.71\% $\pm$ 1.81\%,85.65\% $\pm$ 1.46\%,87.11\% $\pm$ 1.95\%,86.78\% $\pm$ 1.59\%,85.65\% $\pm$ 1.98\%,86.10\% $\pm$ 1.35\%,86.43\% $\pm$ 0.48\%,85.70\% $\pm$ 1.79\%,84.70\% $\pm$ 1.09\%,85.60\% $\pm$ 1.91\%,86.38\% $\pm$ 1.01\%,86.50\% $\pm$ 2.07\%
specificity,64.07\% $\pm$ 5.33\%,64.52\% $\pm$ 3.74\%,65.80\% $\pm$ 3.61\%,66.23\% $\pm$ 3.55\%,63.73\% $\pm$ 2.71\%,60.01\% $\pm$ 3.04\%,59.94\% $\pm$ 1.59\%,60.07\% $\pm$ 4.35\%,64.11\% $\pm$ 3.91\%,58.94\% $\pm$ 4.77\%,64.12\% $\pm$ 1.59\%,62.22\% $\pm$ 3.77\%,61.85\% $\pm$ 5.37\%,62.75\% $\pm$ 3.45\%,62.81\% $\pm$ 4.46\%,62.74\% $\pm$ 1.87\%,61.40\% $\pm$ 2.10\%,62.38\% $\pm$ 7.03\%,62.37\% $\pm$ 6.53\%,60.72\% $\pm$ 4.42\%,59.96\% $\pm$ 3.47\%,61.41\% $\pm$ 3.21\%,61.45\% $\pm$ 2.80\%,63.12\% $\pm$ 1.84\%,62.39\% $\pm$ 5.23\%,63.37\% $\pm$ 2.29\%,61.45\% $\pm$ 4.68\%,59.24\% $\pm$ 7.32\%,58.59\% $\pm$ 1.17\%,57.08\% $\pm$ 5.55\%,59.17\% $\pm$ 4.99\%,58.85\% $\pm$ 6.97\%,59.21\% $\pm$ 2.44\%,59.14\% $\pm$ 6.79\%,60.13\% $\pm$ 3.85\%,60.78\% $\pm$ 4.53\%,60.37\% $\pm$ 1.90\%,56.22\% $\pm$ 3.76\%,58.26\% $\pm$ 3.21\%,59.03\% $\pm$ 3.53\%,59.86\% $\pm$ 4.35\%,59.26\% $\pm$ 2.25\%,60.44\% $\pm$ 5.53\%,59.46\% $\pm$ 4.46\%,59.18\% $\pm$ 2.26\%,62.55\% $\pm$ 5.57\%,60.40\% $\pm$ 4.35\%,56.84\% $\pm$ 4.04\%,59.36\% $\pm$ 3.56\%,58.25\% $\pm$ 5.13\%,61.30\% $\pm$ 5.41\%,58.22\% $\pm$ 1.36\%,60.69\% $\pm$ 2.19\%,59.88\% $\pm$ 2.44\%,56.55\% $\pm$ 5.42\%,58.46\% $\pm$ 4.59\%,56.42\% $\pm$ 5.99\%,58.98\% $\pm$ 4.99\%,59.19\% $\pm$ 5.84\%,59.73\% $\pm$ 5.44\%,59.73\% $\pm$ 5.00\%,57.81\% $\pm$ 2.54\%,59.73\% $\pm$ 5.89\%,59.05\% $\pm$ 6.28\%,59.95\% $\pm$ 3.42\%,60.82\% $\pm$ 4.84\%,60.06\% $\pm$ 4.56\%,59.43\% $\pm$ 4.18\%,58.54\% $\pm$ 2.80\%,55.81\% $\pm$ 2.09\%,59.84\% $\pm$ 1.89\%,58.54\% $\pm$ 1.06\%,54.70\% $\pm$ 3.19\%,59.31\% $\pm$ 2.84\%,58.98\% $\pm$ 2.77\%,57.72\% $\pm$ 4.28\%,60.15\% $\pm$ 5.67\%,57.14\% $\pm$ 6.69\%,57.23\% $\pm$ 3.47\%,58.01\% $\pm$ 3.88\%,59.73\% $\pm$ 3.64\%,60.98\% $\pm$ 6.12\%,56.49\% $\pm$ 1.95\%,58.39\% $\pm$ 4.47\%,57.62\% $\pm$ 3.71\%,58.37\% $\pm$ 6.13\%,60.27\% $\pm$ 3.29\%,59.71\% $\pm$ 3.86\%,58.79\% $\pm$ 5.03\%,55.83\% $\pm$ 2.37\%,59.44\% $\pm$ 3.56\%,58.95\% $\pm$ 2.30\%,57.66\% $\pm$ 5.78\%,56.01\% $\pm$ 7.27\%,61.26\% $\pm$ 5.73\%,62.72\% $\pm$ 2.12\%,59.44\% $\pm$ 3.48\%,62.45\% $\pm$ 4.42\%,58.60\% $\pm$ 5.33\%,59.30\% $\pm$ 2.56\%,57.38\% $\pm$ 4.67\%,59.92\% $\pm$ 2.85\%,57.43\% $\pm$ 3.83\%,60.07\% $\pm$ 6.15\%,60.68\% $\pm$ 4.53\%,58.78\% $\pm$ 4.96\%,55.27\% $\pm$ 3.79\%,57.72\% $\pm$ 4.54\%,57.26\% $\pm$ 4.76\%,60.57\% $\pm$ 2.12\%,59.76\% $\pm$ 3.96\%,62.57\% $\pm$ 3.83\%,58.44\% $\pm$ 3.52\%,58.18\% $\pm$ 2.56\%,58.46\% $\pm$ 5.44\%,58.72\% $\pm$ 4.28\%,60.95\% $\pm$ 3.11\%,56.72\% $\pm$ 6.31\%,57.26\% $\pm$ 2.65\%,58.12\% $\pm$ 2.79\%,57.12\% $\pm$ 3.67\%,61.34\% $\pm$ 3.45\%,57.91\% $\pm$ 2.01\%,60.37\% $\pm$ 3.83\%,61.74\% $\pm$ 2.50\%,57.03\% $\pm$ 4.66\%,59.04\% $\pm$ 4.31\%,58.57\% $\pm$ 3.68\%,60.04\% $\pm$ 2.47\%,58.12\% $\pm$ 6.22\%,62.07\% $\pm$ 1.96\%,54.87\% $\pm$ 4.27\%,57.24\% $\pm$ 3.50\%,58.32\% $\pm$ 2.32\%,59.62\% $\pm$ 1.83\%,59.08\% $\pm$ 4.81\%,61.21\% $\pm$ 5.89\%,57.97\% $\pm$ 3.24\%,60.19\% $\pm$ 4.87\%,59.63\% $\pm$ 3.49\%,58.05\% $\pm$ 5.15\%,57.94\% $\pm$ 3.30\%,59.93\% $\pm$ 7.17\%,57.25\% $\pm$ 3.98\%,57.62\% $\pm$ 2.61\%,61.46\% $\pm$ 4.15\%,58.91\% $\pm$ 7.11\%,56.56\% $\pm$ 3.40\%,57.68\% $\pm$ 3.77\%,58.97\% $\pm$ 2.85\%,56.26\% $\pm$ 3.56\%,59.31\% $\pm$ 3.42\%,56.78\% $\pm$ 2.03\%,57.85\% $\pm$ 1.12\%,58.58\% $\pm$ 2.53\%,54.70\% $\pm$ 1.82\%,57.94\% $\pm$ 2.85\%,58.26\% $\pm$ 2.98\%,63.52\% $\pm$ 4.90\%,55.42\% $\pm$ 2.10\%,59.31\% $\pm$ 1.67\%,60.15\% $\pm$ 3.78\%,61.11\% $\pm$ 2.66\%,56.12\% $\pm$ 3.20\%,58.82\% $\pm$ 4.88\%,58.23\% $\pm$ 1.79\%,59.78\% $\pm$ 3.38\%,58.54\% $\pm$ 1.74\%,58.58\% $\pm$ 3.07\%,59.84\% $\pm$ 3.87\%,60.37\% $\pm$ 3.83\%,58.58\% $\pm$ 1.57\%,58.64\% $\pm$ 3.05\%,56.59\% $\pm$ 2.71\%,61.74\% $\pm$ 1.73\%,59.76\% $\pm$ 6.27\%,58.94\% $\pm$ 2.96\%,57.52\% $\pm$ 2.46\%,59.35\% $\pm$ 2.05\%,61.75\% $\pm$ 4.24\%,60.06\% $\pm$ 3.52\%,57.54\% $\pm$ 3.45\%,57.39\% $\pm$ 5.34\%,57.27\% $\pm$ 5.35\%
auc_roc,0.7737 $\pm$ 0.0235,0.7991 $\pm$ 0.0069,0.8106 $\pm$ 0.0116,0.8196 $\pm$ 0.0216,0.8077 $\pm$ 0.0233,0.8134 $\pm$ 0.0116,0.8083 $\pm$ 0.0067,0.8065 $\pm$ 0.0130,0.8098 $\pm$ 0.0168,0.8064 $\pm$ 0.0090,0.8090 $\pm$ 0.0155,0.8060 $\pm$ 0.0194,0.7988 $\pm$ 0.0292,0.8085 $\pm$ 0.0199,0.8098 $\pm$ 0.0233,0.8055 $\pm$ 0.0230,0.8198 $\pm$ 0.0084,0.8120 $\pm$ 0.0173,0.8139 $\pm$ 0.0230,0.8174 $\pm$ 0.0138,0.8139 $\pm$ 0.0181,0.8138 $\pm$ 0.0191,0.8163 $\pm$ 0.0138,0.8176 $\pm$ 0.0175,0.8135 $\pm$ 0.0219,0.8152 $\pm$ 0.0211,0.8054 $\pm$ 0.0207,0.8058 $\pm$ 0.0163,0.8121 $\pm$ 0.0231,0.8041 $\pm$ 0.0191,0.8075 $\pm$ 0.0224,0.8091 $\pm$ 0.0183,0.8095 $\pm$ 0.0255,0.8081 $\pm$ 0.0273,0.8185 $\pm$ 0.0114,0.8111 $\pm$ 0.0211,0.8219 $\pm$ 0.0065,0.7981 $\pm$ 0.0214,0.8060 $\pm$ 0.0124,0.8075 $\pm$ 0.0081,0.8092 $\pm$ 0.0138,0.8105 $\pm$ 0.0185,0.8101 $\pm$ 0.0144,0.8100 $\pm$ 0.0308,0.8162 $\pm$ 0.0214,0.8199 $\pm$ 0.0174,0.8067 $\pm$ 0.0279,0.8031 $\pm$ 0.0169,0.8054 $\pm$ 0.0157,0.8114 $\pm$ 0.0230,0.8052 $\pm$ 0.0203,0.8111 $\pm$ 0.0219,0.8101 $\pm$ 0.0204,0.8155 $\pm$ 0.0203,0.8090 $\pm$ 0.0234,0.8090 $\pm$ 0.0070,0.8028 $\pm$ 0.0171,0.8122 $\pm$ 0.0193,0.8181 $\pm$ 0.0276,0.8094 $\pm$ 0.0201,0.8225 $\pm$ 0.0180,0.8119 $\pm$ 0.0179,0.8113 $\pm$ 0.0135,0.8107 $\pm$ 0.0123,0.8247 $\pm$ 0.0225,0.8169 $\pm$ 0.0256,0.8095 $\pm$ 0.0188,0.8094 $\pm$ 0.0311,0.8152 $\pm$ 0.0184,0.8179 $\pm$ 0.0176,0.8226 $\pm$ 0.0134,0.8190 $\pm$ 0.0216,0.8079 $\pm$ 0.0106,0.8193 $\pm$ 0.0170,0.8187 $\pm$ 0.0198,0.8058 $\pm$ 0.0253,0.8177 $\pm$ 0.0115,0.8036 $\pm$ 0.0261,0.8126 $\pm$ 0.0137,0.8157 $\pm$ 0.0178,0.8185 $\pm$ 0.0270,0.8082 $\pm$ 0.0225,0.8010 $\pm$ 0.0189,0.8152 $\pm$ 0.0218,0.8078 $\pm$ 0.0133,0.8115 $\pm$ 0.0281,0.8121 $\pm$ 0.0194,0.8062 $\pm$ 0.0121,0.8130 $\pm$ 0.0207,0.8106 $\pm$ 0.0211,0.8195 $\pm$ 0.0152,0.8050 $\pm$ 0.0142,0.8089 $\pm$ 0.0196,0.8004 $\pm$ 0.0199,0.8016 $\pm$ 0.0151,0.8163 $\pm$ 0.0217,0.8103 $\pm$ 0.0270,0.8117 $\pm$ 0.0217,0.8085 $\pm$ 0.0062,0.8085 $\pm$ 0.0146,0.8150 $\pm$ 0.0206,0.8110 $\pm$ 0.0148,0.8068 $\pm$ 0.0168,0.8135 $\pm$ 0.0186,0.8145 $\pm$ 0.0235,0.8220 $\pm$ 0.0173,0.8098 $\pm$ 0.0137,0.8027 $\pm$ 0.0162,0.8035 $\pm$ 0.0246,0.8042 $\pm$ 0.0225,0.8129 $\pm$ 0.0103,0.8189 $\pm$ 0.0111,0.8046 $\pm$ 0.0236,0.8131 $\pm$ 0.0223,0.8155 $\pm$ 0.0152,0.8183 $\pm$ 0.0126,0.8234 $\pm$ 0.0264,0.8080 $\pm$ 0.0121,0.8100 $\pm$ 0.0212,0.8146 $\pm$ 0.0139,0.8121 $\pm$ 0.0126,0.8141 $\pm$ 0.0168,0.8136 $\pm$ 0.0113,0.8099 $\pm$ 0.0135,0.8265 $\pm$ 0.0192,0.8084 $\pm$ 0.0156,0.8137 $\pm$ 0.0192,0.8163 $\pm$ 0.0128,0.8122 $\pm$ 0.0233,0.8099 $\pm$ 0.0278,0.8233 $\pm$ 0.0133,0.8052 $\pm$ 0.0175,0.8109 $\pm$ 0.0157,0.8093 $\pm$ 0.0094,0.8017 $\pm$ 0.0116,0.8157 $\pm$ 0.0196,0.8224 $\pm$ 0.0196,0.8085 $\pm$ 0.0150,0.8144 $\pm$ 0.0042,0.8197 $\pm$ 0.0189,0.8155 $\pm$ 0.0208,0.8089 $\pm$ 0.0311,0.8135 $\pm$ 0.0091,0.8174 $\pm$ 0.0229,0.8097 $\pm$ 0.0108,0.8191 $\pm$ 0.0182,0.8112 $\pm$ 0.0090,0.8102 $\pm$ 0.0196,0.8089 $\pm$ 0.0149,0.8048 $\pm$ 0.0184,0.8059 $\pm$ 0.0176,0.8174 $\pm$ 0.0237,0.8085 $\pm$ 0.0202,0.8025 $\pm$ 0.0223,0.8090 $\pm$ 0.0154,0.8019 $\pm$ 0.0136,0.8047 $\pm$ 0.0080,0.8140 $\pm$ 0.0186,0.8208 $\pm$ 0.0163,0.8103 $\pm$ 0.0129,0.8089 $\pm$ 0.0188,0.8176 $\pm$ 0.0112,0.8162 $\pm$ 0.0110,0.8047 $\pm$ 0.0196,0.8169 $\pm$ 0.0155,0.8096 $\pm$ 0.0108,0.8142 $\pm$ 0.0157,0.8141 $\pm$ 0.0190,0.8118 $\pm$ 0.0158,0.8078 $\pm$ 0.0176,0.8162 $\pm$ 0.0205,0.8086 $\pm$ 0.0243,0.8129 $\pm$ 0.0157,0.8064 $\pm$ 0.0140,0.8297 $\pm$ 0.0213,0.8069 $\pm$ 0.0202,0.8120 $\pm$ 0.0194,0.8116 $\pm$ 0.0117,0.8269 $\pm$ 0.0137,0.8184 $\pm$ 0.0118,0.8160 $\pm$ 0.0141,0.8093 $\pm$ 0.0142,0.8178 $\pm$ 0.0106,0.8135 $\pm$ 0.0158
nof_imaging_features,18.2,36.6,55.8,75.8,95.6,114.6,134.6,153.6,173.2,192.8,212.2,232.4,253.4,271.2,291.8,311.0,332.4,350.0,369.6,389.8,408.4,429.6,448.2,468.6,488.2,508.8,527.6,548.2,568.8,587.2,607.2,627.4,647.4,667.2,686.8,707.2,726.0,745.8,765.6,785.2,805.0,825.6,844.6,866.6,886.2,904.2,924.4,945.2,963.2,984.2,1003.6,1024.8,1045.0,1063.0,1084.6,1103.0,1123.2,1145.0,1164.0,1184.6,1203.8,1223.0,1242.6,1263.4,1283.2,1303.2,1322.8,1343.2,1362.2,1382.2,1402.8,1421.6,1442.0,1462.4,1482.0,1501.0,1521.4,1541.4,1561.8,1581.0,1602.0,1620.2,1640.6,1660.8,1681.2,1701.2,1720.8,1740.6,1760.4,1780.8,1799.4,1819.4,1840.6,1859.8,1879.4,1900.0,1920.0,1939.8,1960.4,1979.0,1999.2,2019.2,2038.4,2059.0,2078.8,2098.6,2118.4,2139.0,2158.4,2178.0,2198.2,2218.2,2237.6,2257.4,2277.6,2297.6,2316.6,2336.8,2356.4,2377.0,2396.6,2416.2,2436.8,2456.8,2476.2,2495.8,2516.6,2536.0,2555.2,2574.2,2594.0,2615.2,2634.8,2657.0,2675.4,2694.8,2714.8,2735.0,2755.8,2774.8,2793.8,2814.6,2834.0,2853.8,2872.2,2895.0,2913.8,2933.0,2953.8,2974.0,2995.0,3012.0,3033.0,3053.0,3072.0,3092.0,3112.0,3132.0,3152.0,3172.0,3192.0,3212.0,3232.0,3252.0,3272.0,3292.0,3312.0,3332.0,3352.0,3372.0,3392.0,3412.0,3432.0,3452.0,3472.0,3492.0,3512.0,3532.0,3552.0,3572.0,3592.0,3612.0,3632.0,3645.0
nof_clinical_features,1.8,3.4,4.2,4.2,4.4,5.4,5.4,6.4,6.8,7.2,7.8,7.6,6.6,8.8,8.2,9.0,7.6,10.0,10.4,10.2,11.6,10.4,11.8,11.4,11.8,11.2,12.4,11.8,11.2,12.8,12.8,12.6,12.6,12.8,13.2,12.8,14.0,14.2,14.4,14.8,15.0,14.4,15.4,13.4,13.8,15.8,15.6,14.8,16.8,15.8,16.4,15.2,15.0,17.0,15.4,17.0,16.8,15.0,16.0,15.4,16.2,17.0,17.4,16.6,16.8,16.8,17.2,16.8,17.8,17.8,17.2,18.4,18.0,17.6,18.0,19.0,18.6,18.6,18.2,19.0,18.0,19.8,19.4,19.2,18.8,18.8,19.2,19.4,19.6,19.2,20.6,20.6,19.4,20.2,20.6,20.0,20.0,20.2,19.6,21.0,20.8,20.8,21.6,21.0,21.2,21.4,21.6,21.0,21.6,22.0,21.8,21.8,22.4,22.6,22.4,22.4,23.4,23.2,23.6,23.0,23.4,23.8,23.2,23.2,23.8,24.2,23.4,24.0,24.8,25.8,26.0,24.8,25.2,23.0,24.6,25.2,25.2,25.0,24.2,25.2,26.2,25.4,26.0,26.2,27.8,25.0,26.2,27.0,26.2,26.0,25.0,28.0,27.0,27.0,28.0,28.0,28.0,28.0,28.0,28.0,28.0,28.0,28.0,28.0,28.0,28.0,28.0,28.0,28.0,28.0,28.0,28.0,28.0,28.0,28.0,28.0,28.0,28.0,28.0,28.0,28.0,28.0,28.0,28.0
best_result,,,,,,,,,,,,,,,,,,,,,,,,,,,,,,,,,,,,,,,,,,,,,,,,,,,,,,,,,,,,,,,,,,,,,,,,,,,,,,,,,,,,,,,,,,,,,,,,,,,,,,,,,,,,,,,,,,,,,,,,,,,,,,,,,,,,,,,,,,,,,,,,,,,,,,,,,,,,,,,,,,,,,,,,,,,,,,,X (AUC-ROC = 0.8297),,,,,,,,,

vgg_16 (fc7),operation_point = 0.5
noftopfeatures,20.0,40.0,60.0,80.0,100.0,120.0,140.0,160.0,180.0,200.0,220.0,240.0,260.0,280.0,300.0,320.0,340.0,360.0,380.0,400.0,420.0,440.0,460.0,480.0,500.0,520.0,540.0,560.0,580.0,600.0,620.0,640.0,660.0,680.0,700.0,720.0,740.0,760.0,780.0,800.0,820.0,840.0,860.0,880.0,900.0,920.0,940.0,960.0,980.0,1000.0,1020.0,1040.0,1060.0,1080.0,1100.0,1120.0,1140.0,1160.0,1180.0,1200.0,1220.0,1240.0,1260.0,1280.0,1300.0,1320.0,1340.0,1360.0,1380.0,1400.0,1420.0,1440.0,1460.0,1480.0,1500.0,1520.0,1540.0,1560.0,1580.0,1600.0,1620.0,1640.0,1660.0,1680.0,1700.0,1720.0,1740.0,1760.0,1780.0,1800.0,1820.0,1840.0,1860.0,1880.0,1900.0,1920.0,1940.0,1960.0,1980.0,2000.0,2020.0,2040.0,2060.0,2080.0,2100.0,2120.0,2140.0,2160.0,2180.0,2200.0,2220.0,2240.0,2260.0,2280.0,2300.0,2320.0,2340.0,2360.0,2380.0,2400.0,2420.0,2440.0,2460.0,2480.0,2500.0,2520.0,2540.0,2560.0,2580.0,2600.0,2620.0,2640.0,2660.0,2680.0,2700.0,2720.0,2740.0,2760.0,2780.0,2800.0,2820.0,2840.0,2860.0,2880.0,2900.0,2920.0,2940.0,2960.0,2980.0,3000.0,3020.0,3040.0,3060.0,3080.0,3100.0,3120.0,3140.0,3160.0,3180.0,3200.0,3220.0,3240.0,3260.0,3271.0
accuracy,77.34\% $\pm$ 3.08\%,78.02\% $\pm$ 2.00\%,78.07\% $\pm$ 2.44\%,79.32\% $\pm$ 1.82\%,79.86\% $\pm$ 1.50\%,79.18\% $\pm$ 1.65\%,78.99\% $\pm$ 2.60\%,80.00\% $\pm$ 2.00\%,79.47\% $\pm$ 2.17\%,80.77\% $\pm$ 1.09\%,80.05\% $\pm$ 1.35\%,80.72\% $\pm$ 2.00\%,79.95\% $\pm$ 1.45\%,80.29\% $\pm$ 0.95\%,80.48\% $\pm$ 1.16\%,80.39\% $\pm$ 1.52\%,80.53\% $\pm$ 0.71\%,79.86\% $\pm$ 1.68\%,80.29\% $\pm$ 2.21\%,80.10\% $\pm$ 1.47\%,79.76\% $\pm$ 1.80\%,79.61\% $\pm$ 1.64\%,80.39\% $\pm$ 1.92\%,80.68\% $\pm$ 1.74\%,80.72\% $\pm$ 1.70\%,80.48\% $\pm$ 2.34\%,81.11\% $\pm$ 2.30\%,80.63\% $\pm$ 1.48\%,81.21\% $\pm$ 2.22\%,81.55\% $\pm$ 1.92\%,79.61\% $\pm$ 1.27\%,79.95\% $\pm$ 1.93\%,80.58\% $\pm$ 1.71\%,81.69\% $\pm$ 1.23\%,81.64\% $\pm$ 2.14\%,80.34\% $\pm$ 1.92\%,79.81\% $\pm$ 1.87\%,80.92\% $\pm$ 1.77\%,81.26\% $\pm$ 2.09\%,81.16\% $\pm$ 1.23\%,80.82\% $\pm$ 2.72\%,82.22\% $\pm$ 1.26\%,81.11\% $\pm$ 1.31\%,80.39\% $\pm$ 1.36\%,80.68\% $\pm$ 0.98\%,81.84\% $\pm$ 0.75\%,80.29\% $\pm$ 1.83\%,80.24\% $\pm$ 0.96\%,82.37\% $\pm$ 1.24\%,81.06\% $\pm$ 1.68\%,81.64\% $\pm$ 1.15\%,80.97\% $\pm$ 1.10\%,81.55\% $\pm$ 0.87\%,80.87\% $\pm$ 1.74\%,80.43\% $\pm$ 1.17\%,82.13\% $\pm$ 1.59\%,80.29\% $\pm$ 1.92\%,81.26\% $\pm$ 1.69\%,81.21\% $\pm$ 1.58\%,80.63\% $\pm$ 2.15\%,81.30\% $\pm$ 1.75\%,80.97\% $\pm$ 1.39\%,80.00\% $\pm$ 1.68\%,81.35\% $\pm$ 0.86\%,81.45\% $\pm$ 1.55\%,81.16\% $\pm$ 1.83\%,81.16\% $\pm$ 1.65\%,81.69\% $\pm$ 1.24\%,80.34\% $\pm$ 1.32\%,80.63\% $\pm$ 1.48\%,80.92\% $\pm$ 2.95\%,80.97\% $\pm$ 2.32\%,81.69\% $\pm$ 1.84\%,81.30\% $\pm$ 2.30\%,81.74\% $\pm$ 1.87\%,81.11\% $\pm$ 0.80\%,80.87\% $\pm$ 1.34\%,80.63\% $\pm$ 1.03\%,81.21\% $\pm$ 2.24\%,80.92\% $\pm$ 1.26\%,81.35\% $\pm$ 1.30\%,82.17\% $\pm$ 0.75\%,80.92\% $\pm$ 1.19\%,81.16\% $\pm$ 1.36\%,80.63\% $\pm$ 2.06\%,81.26\% $\pm$ 1.39\%,81.59\% $\pm$ 0.99\%,80.92\% $\pm$ 1.20\%,81.30\% $\pm$ 1.62\%,81.06\% $\pm$ 1.67\%,81.45\% $\pm$ 1.66\%,81.35\% $\pm$ 1.07\%,81.21\% $\pm$ 1.10\%,81.45\% $\pm$ 1.58\%,81.84\% $\pm$ 1.96\%,81.88\% $\pm$ 1.41\%,80.53\% $\pm$ 1.40\%,81.01\% $\pm$ 1.55\%,81.69\% $\pm$ 1.67\%,81.26\% $\pm$ 1.80\%,81.59\% $\pm$ 1.55\%,80.87\% $\pm$ 1.48\%,80.82\% $\pm$ 0.94\%,81.11\% $\pm$ 1.80\%,80.63\% $\pm$ 1.80\%,82.71\% $\pm$ 1.32\%,81.50\% $\pm$ 1.03\%,81.40\% $\pm$ 1.61\%,81.55\% $\pm$ 1.27\%,80.87\% $\pm$ 1.95\%,81.16\% $\pm$ 2.20\%,80.58\% $\pm$ 1.85\%,80.87\% $\pm$ 1.28\%,81.30\% $\pm$ 0.33\%,81.40\% $\pm$ 2.29\%,81.88\% $\pm$ 1.69\%,81.64\% $\pm$ 1.39\%,81.93\% $\pm$ 1.15\%,81.35\% $\pm$ 1.78\%,81.59\% $\pm$ 1.55\%,81.40\% $\pm$ 2.50\%,81.55\% $\pm$ 1.29\%,81.35\% $\pm$ 1.74\%,81.16\% $\pm$ 1.20\%,82.22\% $\pm$ 1.19\%,81.06\% $\pm$ 2.38\%,82.08\% $\pm$ 0.75\%,81.11\% $\pm$ 1.32\%,81.55\% $\pm$ 2.02\%,82.27\% $\pm$ 1.49\%,80.43\% $\pm$ 1.89\%,81.11\% $\pm$ 1.32\%,82.42\% $\pm$ 0.84\%,81.64\% $\pm$ 1.40\%,81.84\% $\pm$ 2.07\%,80.87\% $\pm$ 2.30\%,81.98\% $\pm$ 1.73\%,81.01\% $\pm$ 1.81\%,81.21\% $\pm$ 2.45\%,81.40\% $\pm$ 0.63\%,82.37\% $\pm$ 1.42\%,82.08\% $\pm$ 1.30\%,81.55\% $\pm$ 1.55\%,81.55\% $\pm$ 1.27\%,81.64\% $\pm$ 1.62\%,81.69\% $\pm$ 1.48\%,81.26\% $\pm$ 0.85\%,82.46\% $\pm$ 2.28\%,80.43\% $\pm$ 2.12\%,81.21\% $\pm$ 0.97\%,81.84\% $\pm$ 1.63\%,81.93\% $\pm$ 1.39\%,80.58\% $\pm$ 2.27\%,81.26\% $\pm$ 0.87\%,80.87\% $\pm$ 2.67\%,82.03\% $\pm$ 0.73\%,81.30\% $\pm$ 1.20\%,81.59\% $\pm$ 1.31\%,81.40\% $\pm$ 2.19\%,81.50\% $\pm$ 1.30\%,80.77\% $\pm$ 2.36\%,82.17\% $\pm$ 1.76\%,80.97\% $\pm$ 1.42\%,81.26\% $\pm$ 2.16\%
mcc,0.3609 $\pm$ 0.0775,0.3522 $\pm$ 0.0546,0.3603 $\pm$ 0.0468,0.3698 $\pm$ 0.0364,0.3783 $\pm$ 0.0194,0.3683 $\pm$ 0.0197,0.3613 $\pm$ 0.0565,0.3885 $\pm$ 0.0236,0.3654 $\pm$ 0.0358,0.3997 $\pm$ 0.0369,0.3745 $\pm$ 0.0342,0.3878 $\pm$ 0.0451,0.3588 $\pm$ 0.0273,0.3556 $\pm$ 0.0224,0.3691 $\pm$ 0.0452,0.3670 $\pm$ 0.0339,0.3785 $\pm$ 0.0405,0.3570 $\pm$ 0.0381,0.3667 $\pm$ 0.0530,0.3540 $\pm$ 0.0247,0.3494 $\pm$ 0.0531,0.3588 $\pm$ 0.0382,0.3761 $\pm$ 0.0478,0.3811 $\pm$ 0.0345,0.3564 $\pm$ 0.0278,0.3627 $\pm$ 0.0597,0.3905 $\pm$ 0.0479,0.3720 $\pm$ 0.0427,0.3893 $\pm$ 0.0513,0.3871 $\pm$ 0.0490,0.3344 $\pm$ 0.0230,0.3400 $\pm$ 0.0518,0.3607 $\pm$ 0.0395,0.3912 $\pm$ 0.0196,0.4003 $\pm$ 0.0481,0.3615 $\pm$ 0.0304,0.3527 $\pm$ 0.0306,0.3738 $\pm$ 0.0412,0.3800 $\pm$ 0.0450,0.3657 $\pm$ 0.0223,0.3752 $\pm$ 0.0750,0.4109 $\pm$ 0.0500,0.3781 $\pm$ 0.0328,0.3590 $\pm$ 0.0238,0.3670 $\pm$ 0.0210,0.4024 $\pm$ 0.0384,0.3448 $\pm$ 0.0363,0.3677 $\pm$ 0.0190,0.4065 $\pm$ 0.0307,0.3774 $\pm$ 0.0435,0.3745 $\pm$ 0.0408,0.3690 $\pm$ 0.0386,0.3709 $\pm$ 0.0360,0.3696 $\pm$ 0.0724,0.3536 $\pm$ 0.0305,0.4014 $\pm$ 0.0328,0.3475 $\pm$ 0.0255,0.3822 $\pm$ 0.0478,0.3842 $\pm$ 0.0418,0.3574 $\pm$ 0.0584,0.3863 $\pm$ 0.0660,0.3658 $\pm$ 0.0456,0.3634 $\pm$ 0.0319,0.3946 $\pm$ 0.0205,0.3818 $\pm$ 0.0300,0.3781 $\pm$ 0.0361,0.3670 $\pm$ 0.0284,0.3893 $\pm$ 0.0378,0.3691 $\pm$ 0.0387,0.3657 $\pm$ 0.0226,0.3728 $\pm$ 0.0602,0.3638 $\pm$ 0.0578,0.3816 $\pm$ 0.0399,0.3726 $\pm$ 0.0346,0.3938 $\pm$ 0.0538,0.3667 $\pm$ 0.0231,0.3671 $\pm$ 0.0375,0.3488 $\pm$ 0.0195,0.3672 $\pm$ 0.0568,0.3536 $\pm$ 0.0468,0.3629 $\pm$ 0.0143,0.4038 $\pm$ 0.0313,0.3578 $\pm$ 0.0444,0.3598 $\pm$ 0.0237,0.3509 $\pm$ 0.0668,0.3774 $\pm$ 0.0282,0.3632 $\pm$ 0.0246,0.3693 $\pm$ 0.0235,0.3731 $\pm$ 0.0300,0.3564 $\pm$ 0.0295,0.3741 $\pm$ 0.0490,0.3819 $\pm$ 0.0197,0.3664 $\pm$ 0.0282,0.3908 $\pm$ 0.0429,0.3915 $\pm$ 0.0470,0.4017 $\pm$ 0.0370,0.3529 $\pm$ 0.0321,0.3731 $\pm$ 0.0353,0.3748 $\pm$ 0.0454,0.3682 $\pm$ 0.0391,0.3752 $\pm$ 0.0324,0.3631 $\pm$ 0.0513,0.3554 $\pm$ 0.0158,0.3614 $\pm$ 0.0464,0.3642 $\pm$ 0.0347,0.4079 $\pm$ 0.0518,0.3934 $\pm$ 0.0257,0.3702 $\pm$ 0.0430,0.3983 $\pm$ 0.0260,0.3773 $\pm$ 0.0564,0.3752 $\pm$ 0.0426,0.3609 $\pm$ 0.0407,0.3569 $\pm$ 0.0262,0.3678 $\pm$ 0.0312,0.3708 $\pm$ 0.0692,0.3903 $\pm$ 0.0543,0.3756 $\pm$ 0.0464,0.3844 $\pm$ 0.0241,0.3664 $\pm$ 0.0400,0.3879 $\pm$ 0.0370,0.3793 $\pm$ 0.0680,0.3690 $\pm$ 0.0239,0.3693 $\pm$ 0.0486,0.3808 $\pm$ 0.0380,0.3942 $\pm$ 0.0437,0.3759 $\pm$ 0.0548,0.4019 $\pm$ 0.0285,0.3663 $\pm$ 0.0413,0.3795 $\pm$ 0.0567,0.4012 $\pm$ 0.0376,0.3675 $\pm$ 0.0409,0.3638 $\pm$ 0.0333,0.4030 $\pm$ 0.0233,0.3811 $\pm$ 0.0338,0.3869 $\pm$ 0.0484,0.3811 $\pm$ 0.0516,0.4013 $\pm$ 0.0386,0.3721 $\pm$ 0.0389,0.3603 $\pm$ 0.0634,0.3839 $\pm$ 0.0336,0.3939 $\pm$ 0.0348,0.4058 $\pm$ 0.0273,0.3692 $\pm$ 0.0402,0.3751 $\pm$ 0.0300,0.3738 $\pm$ 0.0410,0.3977 $\pm$ 0.0459,0.3691 $\pm$ 0.0253,0.4121 $\pm$ 0.0533,0.3509 $\pm$ 0.0412,0.3644 $\pm$ 0.0319,0.3829 $\pm$ 0.0614,0.4007 $\pm$ 0.0294,0.3604 $\pm$ 0.0479,0.3690 $\pm$ 0.0186,0.3677 $\pm$ 0.0651,0.3936 $\pm$ 0.0405,0.3765 $\pm$ 0.0146,0.3864 $\pm$ 0.0488,0.3643 $\pm$ 0.0496,0.3788 $\pm$ 0.0379,0.3708 $\pm$ 0.0527,0.3918 $\pm$ 0.0534,0.3729 $\pm$ 0.0464,0.3684 $\pm$ 0.0556
f1_score,85.70\% $\pm$ 2.03\%,86.27\% $\pm$ 1.28\%,86.27\% $\pm$ 1.65\%,87.19\% $\pm$ 1.20\%,87.56\% $\pm$ 1.06\%,87.09\% $\pm$ 1.15\%,86.97\% $\pm$ 1.72\%,87.62\% $\pm$ 1.39\%,87.32\% $\pm$ 1.47\%,88.17\% $\pm$ 0.68\%,87.72\% $\pm$ 0.91\%,88.17\% $\pm$ 1.31\%,87.71\% $\pm$ 1.02\%,87.98\% $\pm$ 0.60\%,88.06\% $\pm$ 0.75\%,88.00\% $\pm$ 1.00\%,88.07\% $\pm$ 0.44\%,87.64\% $\pm$ 1.12\%,87.93\% $\pm$ 1.45\%,87.83\% $\pm$ 1.03\%,87.60\% $\pm$ 1.13\%,87.46\% $\pm$ 1.10\%,87.97\% $\pm$ 1.25\%,88.16\% $\pm$ 1.19\%,88.29\% $\pm$ 1.15\%,88.09\% $\pm$ 1.49\%,88.45\% $\pm$ 1.50\%,88.16\% $\pm$ 0.95\%,88.52\% $\pm$ 1.47\%,88.78\% $\pm$ 1.23\%,87.55\% $\pm$ 0.84\%,87.78\% $\pm$ 1.24\%,88.17\% $\pm$ 1.10\%,88.88\% $\pm$ 0.83\%,88.81\% $\pm$ 1.39\%,87.98\% $\pm$ 1.30\%,87.62\% $\pm$ 1.28\%,88.37\% $\pm$ 1.14\%,88.60\% $\pm$ 1.37\%,88.57\% $\pm$ 0.86\%,88.29\% $\pm$ 1.71\%,89.20\% $\pm$ 0.73\%,88.50\% $\pm$ 0.85\%,88.03\% $\pm$ 0.95\%,88.22\% $\pm$ 0.65\%,88.95\% $\pm$ 0.48\%,88.01\% $\pm$ 1.24\%,87.89\% $\pm$ 0.72\%,89.32\% $\pm$ 0.82\%,88.47\% $\pm$ 1.06\%,88.90\% $\pm$ 0.69\%,88.42\% $\pm$ 0.71\%,88.84\% $\pm$ 0.52\%,88.35\% $\pm$ 1.07\%,88.08\% $\pm$ 0.84\%,89.16\% $\pm$ 1.05\%,88.00\% $\pm$ 1.33\%,88.59\% $\pm$ 1.09\%,88.55\% $\pm$ 1.05\%,88.22\% $\pm$ 1.35\%,88.61\% $\pm$ 1.04\%,88.44\% $\pm$ 0.87\%,87.73\% $\pm$ 1.13\%,88.62\% $\pm$ 0.60\%,88.73\% $\pm$ 1.07\%,88.53\% $\pm$ 1.21\%,88.57\% $\pm$ 1.10\%,88.89\% $\pm$ 0.80\%,87.96\% $\pm$ 0.83\%,88.19\% $\pm$ 0.99\%,88.37\% $\pm$ 1.94\%,88.44\% $\pm$ 1.51\%,88.91\% $\pm$ 1.19\%,88.65\% $\pm$ 1.55\%,88.90\% $\pm$ 1.18\%,88.54\% $\pm$ 0.53\%,88.36\% $\pm$ 0.89\%,88.25\% $\pm$ 0.72\%,88.60\% $\pm$ 1.45\%,88.45\% $\pm$ 0.78\%,88.73\% $\pm$ 0.88\%,89.19\% $\pm$ 0.44\%,88.43\% $\pm$ 0.77\%,88.60\% $\pm$ 0.93\%,88.24\% $\pm$ 1.29\%,88.61\% $\pm$ 0.93\%,88.90\% $\pm$ 0.70\%,88.39\% $\pm$ 0.83\%,88.66\% $\pm$ 1.08\%,88.54\% $\pm$ 1.10\%,88.76\% $\pm$ 1.04\%,88.66\% $\pm$ 0.72\%,88.61\% $\pm$ 0.76\%,88.70\% $\pm$ 1.03\%,88.98\% $\pm$ 1.27\%,88.98\% $\pm$ 0.92\%,88.16\% $\pm$ 0.94\%,88.44\% $\pm$ 1.02\%,88.94\% $\pm$ 1.04\%,88.64\% $\pm$ 1.16\%,88.86\% $\pm$ 1.01\%,88.38\% $\pm$ 0.95\%,88.37\% $\pm$ 0.68\%,88.56\% $\pm$ 1.15\%,88.19\% $\pm$ 1.20\%,89.56\% $\pm$ 0.79\%,88.73\% $\pm$ 0.68\%,88.74\% $\pm$ 1.03\%,88.75\% $\pm$ 0.84\%,88.32\% $\pm$ 1.24\%,88.54\% $\pm$ 1.46\%,88.16\% $\pm$ 1.23\%,88.39\% $\pm$ 0.86\%,88.68\% $\pm$ 0.23\%,88.73\% $\pm$ 1.42\%,89.02\% $\pm$ 1.04\%,88.90\% $\pm$ 0.86\%,89.07\% $\pm$ 0.81\%,88.72\% $\pm$ 1.15\%,88.82\% $\pm$ 1.03\%,88.70\% $\pm$ 1.60\%,88.85\% $\pm$ 0.88\%,88.71\% $\pm$ 1.11\%,88.52\% $\pm$ 0.78\%,89.26\% $\pm$ 0.75\%,88.47\% $\pm$ 1.55\%,89.12\% $\pm$ 0.46\%,88.54\% $\pm$ 0.82\%,88.81\% $\pm$ 1.28\%,89.27\% $\pm$ 0.95\%,88.03\% $\pm$ 1.26\%,88.55\% $\pm$ 0.84\%,89.37\% $\pm$ 0.52\%,88.88\% $\pm$ 0.92\%,89.00\% $\pm$ 1.32\%,88.30\% $\pm$ 1.51\%,89.05\% $\pm$ 1.12\%,88.45\% $\pm$ 1.19\%,88.63\% $\pm$ 1.56\%,88.69\% $\pm$ 0.38\%,89.36\% $\pm$ 0.92\%,89.10\% $\pm$ 0.89\%,88.85\% $\pm$ 1.01\%,88.82\% $\pm$ 0.87\%,88.90\% $\pm$ 1.02\%,88.85\% $\pm$ 0.93\%,88.64\% $\pm$ 0.56\%,89.36\% $\pm$ 1.48\%,88.10\% $\pm$ 1.40\%,88.62\% $\pm$ 0.63\%,89.01\% $\pm$ 0.97\%,89.02\% $\pm$ 0.91\%,88.17\% $\pm$ 1.49\%,88.63\% $\pm$ 0.66\%,88.35\% $\pm$ 1.71\%,89.11\% $\pm$ 0.46\%,88.64\% $\pm$ 0.87\%,88.82\% $\pm$ 0.82\%,88.76\% $\pm$ 1.41\%,88.78\% $\pm$ 0.85\%,88.27\% $\pm$ 1.55\%,89.23\% $\pm$ 1.12\%,88.41\% $\pm$ 0.87\%,88.64\% $\pm$ 1.39\%
precision,93.81\% $\pm$ 1.38\%,93.34\% $\pm$ 0.91\%,93.53\% $\pm$ 0.77\%,93.40\% $\pm$ 0.65\%,93.48\% $\pm$ 1.03\%,93.41\% $\pm$ 0.85\%,93.26\% $\pm$ 0.44\%,93.70\% $\pm$ 0.84\%,93.21\% $\pm$ 0.67\%,93.83\% $\pm$ 1.06\%,93.33\% $\pm$ 1.08\%,93.43\% $\pm$ 1.10\%,92.88\% $\pm$ 1.04\%,92.68\% $\pm$ 0.73\%,93.05\% $\pm$ 1.28\%,92.97\% $\pm$ 0.89\%,93.32\% $\pm$ 1.13\%,92.87\% $\pm$ 0.78\%,92.97\% $\pm$ 1.16\%,92.69\% $\pm$ 1.08\%,92.69\% $\pm$ 1.01\%,93.01\% $\pm$ 0.94\%,93.24\% $\pm$ 0.92\%,93.27\% $\pm$ 0.94\%,92.53\% $\pm$ 0.74\%,92.80\% $\pm$ 0.68\%,93.35\% $\pm$ 0.51\%,93.04\% $\pm$ 0.82\%,93.31\% $\pm$ 0.99\%,93.11\% $\pm$ 0.49\%,92.31\% $\pm$ 0.70\%,92.35\% $\pm$ 1.10\%,92.71\% $\pm$ 0.67\%,93.18\% $\pm$ 0.73\%,93.45\% $\pm$ 0.60\%,92.80\% $\pm$ 0.54\%,92.75\% $\pm$ 0.50\%,92.96\% $\pm$ 0.69\%,92.99\% $\pm$ 0.81\%,92.67\% $\pm$ 0.76\%,93.04\% $\pm$ 0.79\%,93.61\% $\pm$ 0.86\%,93.04\% $\pm$ 0.87\%,92.74\% $\pm$ 0.91\%,92.88\% $\pm$ 0.76\%,93.49\% $\pm$ 1.41\%,92.37\% $\pm$ 0.67\%,93.06\% $\pm$ 1.02\%,93.36\% $\pm$ 1.09\%,93.02\% $\pm$ 0.66\%,92.76\% $\pm$ 0.61\%,92.86\% $\pm$ 0.89\%,92.69\% $\pm$ 0.90\%,92.94\% $\pm$ 1.75\%,92.61\% $\pm$ 0.86\%,93.29\% $\pm$ 1.02\%,92.42\% $\pm$ 0.76\%,93.10\% $\pm$ 1.09\%,93.17\% $\pm$ 1.30\%,92.61\% $\pm$ 0.46\%,93.26\% $\pm$ 0.96\%,92.76\% $\pm$ 0.88\%,92.99\% $\pm$ 0.82\%,93.43\% $\pm$ 0.95\%,93.01\% $\pm$ 0.82\%,92.99\% $\pm$ 0.74\%,92.67\% $\pm$ 0.74\%,93.15\% $\pm$ 1.11\%,93.06\% $\pm$ 0.77\%,92.83\% $\pm$ 0.67\%,92.85\% $\pm$ 0.63\%,92.65\% $\pm$ 1.04\%,92.87\% $\pm$ 0.77\%,92.73\% $\pm$ 0.55\%,93.25\% $\pm$ 0.94\%,92.72\% $\pm$ 0.93\%,92.81\% $\pm$ 1.11\%,92.37\% $\pm$ 1.21\%,92.65\% $\pm$ 1.03\%,92.45\% $\pm$ 1.11\%,92.48\% $\pm$ 0.86\%,93.39\% $\pm$ 0.90\%,92.56\% $\pm$ 1.23\%,92.47\% $\pm$ 1.08\%,92.45\% $\pm$ 1.15\%,92.94\% $\pm$ 0.87\%,92.45\% $\pm$ 0.84\%,92.85\% $\pm$ 0.85\%,92.79\% $\pm$ 0.78\%,92.40\% $\pm$ 0.66\%,92.79\% $\pm$ 0.69\%,93.05\% $\pm$ 0.64\%,92.67\% $\pm$ 1.04\%,93.28\% $\pm$ 0.85\%,93.10\% $\pm$ 1.06\%,93.43\% $\pm$ 0.94\%,92.52\% $\pm$ 1.06\%,92.92\% $\pm$ 0.71\%,92.71\% $\pm$ 0.64\%,92.67\% $\pm$ 0.48\%,92.75\% $\pm$ 0.45\%,92.72\% $\pm$ 1.33\%,92.50\% $\pm$ 1.12\%,92.55\% $\pm$ 0.56\%,92.78\% $\pm$ 0.95\%,93.28\% $\pm$ 1.26\%,93.33\% $\pm$ 0.97\%,92.68\% $\pm$ 1.08\%,93.44\% $\pm$ 0.88\%,93.11\% $\pm$ 0.89\%,92.89\% $\pm$ 0.76\%,92.73\% $\pm$ 0.78\%,92.53\% $\pm$ 0.48\%,92.69\% $\pm$ 1.34\%,92.72\% $\pm$ 0.89\%,93.09\% $\pm$ 0.99\%,92.77\% $\pm$ 1.15\%,92.91\% $\pm$ 1.02\%,92.58\% $\pm$ 0.80\%,93.13\% $\pm$ 0.80\%,92.95\% $\pm$ 0.64\%,92.61\% $\pm$ 0.77\%,92.69\% $\pm$ 1.04\%,93.11\% $\pm$ 1.19\%,93.09\% $\pm$ 1.23\%,92.94\% $\pm$ 1.02\%,93.37\% $\pm$ 0.73\%,92.71\% $\pm$ 0.84\%,92.90\% $\pm$ 0.78\%,93.24\% $\pm$ 0.80\%,92.97\% $\pm$ 0.67\%,92.61\% $\pm$ 0.91\%,93.25\% $\pm$ 0.78\%,92.92\% $\pm$ 0.71\%,92.98\% $\pm$ 0.29\%,93.18\% $\pm$ 0.79\%,93.36\% $\pm$ 0.23\%,92.87\% $\pm$ 0.81\%,92.46\% $\pm$ 0.80\%,93.12\% $\pm$ 1.19\%,92.99\% $\pm$ 0.77\%,93.47\% $\pm$ 0.71\%,92.61\% $\pm$ 1.00\%,92.81\% $\pm$ 0.60\%,92.70\% $\pm$ 0.52\%,93.40\% $\pm$ 0.93\%,92.73\% $\pm$ 0.95\%,93.46\% $\pm$ 0.59\%,92.44\% $\pm$ 0.86\%,92.62\% $\pm$ 0.96\%,92.94\% $\pm$ 0.98\%,93.36\% $\pm$ 0.62\%,92.66\% $\pm$ 0.71\%,92.73\% $\pm$ 1.15\%,92.78\% $\pm$ 0.52\%,93.18\% $\pm$ 1.19\%,92.90\% $\pm$ 1.11\%,93.13\% $\pm$ 0.99\%,92.48\% $\pm$ 0.47\%,92.91\% $\pm$ 1.08\%,92.89\% $\pm$ 0.90\%,93.03\% $\pm$ 1.00\%,92.96\% $\pm$ 0.74\%,92.67\% $\pm$ 0.94\%
recall,78.94\% $\pm$ 3.00\%,80.21\% $\pm$ 1.69\%,80.11\% $\pm$ 2.97\%,81.79\% $\pm$ 2.16\%,82.41\% $\pm$ 2.54\%,81.62\% $\pm$ 2.50\%,81.52\% $\pm$ 3.00\%,82.35\% $\pm$ 2.91\%,82.19\% $\pm$ 2.90\%,83.19\% $\pm$ 1.73\%,82.80\% $\pm$ 2.18\%,83.53\% $\pm$ 2.49\%,83.13\% $\pm$ 2.29\%,83.75\% $\pm$ 1.42\%,83.63\% $\pm$ 1.85\%,83.58\% $\pm$ 2.16\%,83.41\% $\pm$ 1.51\%,83.03\% $\pm$ 2.52\%,83.48\% $\pm$ 3.00\%,83.53\% $\pm$ 2.67\%,83.08\% $\pm$ 2.13\%,82.58\% $\pm$ 2.38\%,83.31\% $\pm$ 2.49\%,83.64\% $\pm$ 2.67\%,84.49\% $\pm$ 2.73\%,83.87\% $\pm$ 2.59\%,84.10\% $\pm$ 2.85\%,83.81\% $\pm$ 2.08\%,84.26\% $\pm$ 2.69\%,84.87\% $\pm$ 2.38\%,83.30\% $\pm$ 1.92\%,83.70\% $\pm$ 2.50\%,84.09\% $\pm$ 2.28\%,84.98\% $\pm$ 1.67\%,84.66\% $\pm$ 2.78\%,83.70\% $\pm$ 2.73\%,83.08\% $\pm$ 2.69\%,84.26\% $\pm$ 2.36\%,84.66\% $\pm$ 2.82\%,84.87\% $\pm$ 2.14\%,84.04\% $\pm$ 2.59\%,85.21\% $\pm$ 1.48\%,84.43\% $\pm$ 2.09\%,83.79\% $\pm$ 1.61\%,84.02\% $\pm$ 1.30\%,84.87\% $\pm$ 1.77\%,84.09\% $\pm$ 2.51\%,83.29\% $\pm$ 1.56\%,85.66\% $\pm$ 2.10\%,84.37\% $\pm$ 2.07\%,85.37\% $\pm$ 1.47\%,84.42\% $\pm$ 1.64\%,85.31\% $\pm$ 0.63\%,84.26\% $\pm$ 2.35\%,84.03\% $\pm$ 2.20\%,85.44\% $\pm$ 2.44\%,84.03\% $\pm$ 2.66\%,84.54\% $\pm$ 2.24\%,84.43\% $\pm$ 2.62\%,84.26\% $\pm$ 2.50\%,84.42\% $\pm$ 1.66\%,84.54\% $\pm$ 1.97\%,83.08\% $\pm$ 2.48\%,84.31\% $\pm$ 1.68\%,84.86\% $\pm$ 2.29\%,84.54\% $\pm$ 2.72\%,84.88\% $\pm$ 2.44\%,85.04\% $\pm$ 2.07\%,83.41\% $\pm$ 1.68\%,84.03\% $\pm$ 2.24\%,84.39\% $\pm$ 3.72\%,84.66\% $\pm$ 2.91\%,85.33\% $\pm$ 2.43\%,84.99\% $\pm$ 3.21\%,84.99\% $\pm$ 2.30\%,84.76\% $\pm$ 1.62\%,84.37\% $\pm$ 2.17\%,84.54\% $\pm$ 2.03\%,84.92\% $\pm$ 2.27\%,84.82\% $\pm$ 1.85\%,85.32\% $\pm$ 2.33\%,85.37\% $\pm$ 1.21\%,84.70\% $\pm$ 2.08\%,85.10\% $\pm$ 2.45\%,84.42\% $\pm$ 1.93\%,84.71\% $\pm$ 2.25\%,85.65\% $\pm$ 1.94\%,84.36\% $\pm$ 1.88\%,84.93\% $\pm$ 2.43\%,85.05\% $\pm$ 2.53\%,85.10\% $\pm$ 2.07\%,84.70\% $\pm$ 1.79\%,84.92\% $\pm$ 1.69\%,84.59\% $\pm$ 2.32\%,85.27\% $\pm$ 2.71\%,84.99\% $\pm$ 2.18\%,84.26\% $\pm$ 2.35\%,84.43\% $\pm$ 2.37\%,85.49\% $\pm$ 2.12\%,84.99\% $\pm$ 2.42\%,85.32\% $\pm$ 2.16\%,84.48\% $\pm$ 2.34\%,84.65\% $\pm$ 2.18\%,84.93\% $\pm$ 2.23\%,84.09\% $\pm$ 2.47\%,86.16\% $\pm$ 1.69\%,84.59\% $\pm$ 1.67\%,85.15\% $\pm$ 1.77\%,84.54\% $\pm$ 1.96\%,84.03\% $\pm$ 2.09\%,84.66\% $\pm$ 3.14\%,84.09\% $\pm$ 2.70\%,84.64\% $\pm$ 1.79\%,85.04\% $\pm$ 1.37\%,85.09\% $\pm$ 2.03\%,85.32\% $\pm$ 1.86\%,85.38\% $\pm$ 1.92\%,85.60\% $\pm$ 2.26\%,85.21\% $\pm$ 2.38\%,84.93\% $\pm$ 2.23\%,84.88\% $\pm$ 3.03\%,85.43\% $\pm$ 2.31\%,85.10\% $\pm$ 2.18\%,84.43\% $\pm$ 2.19\%,85.77\% $\pm$ 1.96\%,84.50\% $\pm$ 3.26\%,85.26\% $\pm$ 1.16\%,84.76\% $\pm$ 1.68\%,85.10\% $\pm$ 2.24\%,85.66\% $\pm$ 2.17\%,83.64\% $\pm$ 2.41\%,84.88\% $\pm$ 2.04\%,85.82\% $\pm$ 1.49\%,85.21\% $\pm$ 2.12\%,85.38\% $\pm$ 2.50\%,83.99\% $\pm$ 3.05\%,85.15\% $\pm$ 2.24\%,84.49\% $\pm$ 2.63\%,85.16\% $\pm$ 2.90\%,84.70\% $\pm$ 1.31\%,86.05\% $\pm$ 2.22\%,85.14\% $\pm$ 1.51\%,85.44\% $\pm$ 2.45\%,85.20\% $\pm$ 2.11\%,85.43\% $\pm$ 1.97\%,84.76\% $\pm$ 1.87\%,84.93\% $\pm$ 1.72\%,85.66\% $\pm$ 2.70\%,84.21\% $\pm$ 2.82\%,84.98\% $\pm$ 1.59\%,85.43\% $\pm$ 1.78\%,85.09\% $\pm$ 1.95\%,84.15\% $\pm$ 2.89\%,84.92\% $\pm$ 1.57\%,84.38\% $\pm$ 3.01\%,85.43\% $\pm$ 1.46\%,84.81\% $\pm$ 2.30\%,84.93\% $\pm$ 1.85\%,85.38\% $\pm$ 2.91\%,85.04\% $\pm$ 1.80\%,84.15\% $\pm$ 2.86\%,85.77\% $\pm$ 2.46\%,84.31\% $\pm$ 1.67\%,84.98\% $\pm$ 2.57\%
specificity,67.46\% $\pm$ 7.66\%,64.40\% $\pm$ 4.71\%,65.52\% $\pm$ 4.04\%,64.18\% $\pm$ 2.16\%,64.33\% $\pm$ 5.03\%,64.28\% $\pm$ 3.69\%,63.27\% $\pm$ 3.70\%,65.70\% $\pm$ 3.57\%,62.79\% $\pm$ 3.20\%,65.94\% $\pm$ 5.59\%,63.17\% $\pm$ 5.79\%,63.59\% $\pm$ 5.17\%,60.45\% $\pm$ 5.15\%,58.98\% $\pm$ 2.62\%,61.03\% $\pm$ 7.20\%,60.72\% $\pm$ 4.42\%,62.70\% $\pm$ 6.65\%,60.28\% $\pm$ 4.82\%,60.72\% $\pm$ 6.71\%,59.07\% $\pm$ 5.79\%,59.23\% $\pm$ 5.72\%,61.37\% $\pm$ 5.30\%,62.35\% $\pm$ 5.41\%,62.45\% $\pm$ 5.32\%,57.58\% $\pm$ 4.06\%,59.46\% $\pm$ 4.46\%,62.74\% $\pm$ 2.45\%,60.97\% $\pm$ 5.00\%,62.38\% $\pm$ 5.43\%,60.91\% $\pm$ 3.28\%,56.89\% $\pm$ 2.70\%,56.89\% $\pm$ 6.00\%,58.90\% $\pm$ 3.53\%,61.45\% $\pm$ 2.17\%,63.03\% $\pm$ 3.90\%,59.63\% $\pm$ 2.61\%,59.57\% $\pm$ 3.31\%,60.32\% $\pm$ 3.57\%,60.35\% $\pm$ 4.46\%,58.22\% $\pm$ 4.27\%,60.78\% $\pm$ 5.15\%,63.67\% $\pm$ 5.51\%,60.71\% $\pm$ 4.77\%,59.36\% $\pm$ 3.26\%,60.03\% $\pm$ 2.71\%,63.30\% $\pm$ 7.57\%,56.79\% $\pm$ 3.92\%,61.48\% $\pm$ 4.75\%,62.20\% $\pm$ 5.56\%,60.64\% $\pm$ 3.33\%,58.48\% $\pm$ 3.72\%,59.55\% $\pm$ 5.32\%,58.24\% $\pm$ 4.21\%,59.99\% $\pm$ 10.51\%,58.17\% $\pm$ 5.61\%,61.86\% $\pm$ 5.07\%,57.25\% $\pm$ 3.00\%,61.04\% $\pm$ 6.12\%,61.51\% $\pm$ 7.21\%,58.04\% $\pm$ 3.93\%,61.78\% $\pm$ 6.76\%,58.85\% $\pm$ 5.42\%,61.08\% $\pm$ 4.15\%,63.22\% $\pm$ 4.64\%,60.32\% $\pm$ 4.53\%,60.34\% $\pm$ 4.35\%,58.32\% $\pm$ 3.18\%,61.09\% $\pm$ 6.00\%,61.35\% $\pm$ 4.04\%,59.70\% $\pm$ 2.43\%,59.60\% $\pm$ 3.80\%,58.20\% $\pm$ 6.19\%,59.36\% $\pm$ 3.03\%,58.62\% $\pm$ 2.36\%,61.68\% $\pm$ 5.43\%,58.67\% $\pm$ 4.47\%,59.38\% $\pm$ 5.97\%,56.74\% $\pm$ 5.64\%,58.26\% $\pm$ 4.72\%,56.81\% $\pm$ 6.41\%,56.98\% $\pm$ 3.69\%,62.47\% $\pm$ 4.45\%,57.57\% $\pm$ 7.13\%,57.03\% $\pm$ 5.35\%,57.11\% $\pm$ 6.67\%,60.07\% $\pm$ 4.30\%,56.50\% $\pm$ 4.87\%,59.69\% $\pm$ 4.00\%,59.02\% $\pm$ 3.55\%,56.55\% $\pm$ 2.68\%,58.85\% $\pm$ 4.22\%,60.70\% $\pm$ 2.68\%,58.34\% $\pm$ 5.06\%,62.02\% $\pm$ 5.26\%,60.79\% $\pm$ 5.55\%,62.81\% $\pm$ 5.28\%,57.66\% $\pm$ 5.54\%,59.95\% $\pm$ 4.28\%,58.19\% $\pm$ 3.46\%,58.20\% $\pm$ 2.20\%,58.55\% $\pm$ 1.86\%,58.66\% $\pm$ 7.78\%,57.38\% $\pm$ 5.78\%,57.45\% $\pm$ 3.43\%,59.40\% $\pm$ 4.31\%,61.46\% $\pm$ 6.94\%,62.54\% $\pm$ 4.53\%,58.36\% $\pm$ 4.52\%,63.22\% $\pm$ 4.00\%,61.26\% $\pm$ 5.46\%,59.64\% $\pm$ 4.59\%,58.89\% $\pm$ 4.96\%,57.49\% $\pm$ 2.11\%,58.43\% $\pm$ 6.78\%,58.40\% $\pm$ 5.55\%,60.66\% $\pm$ 5.52\%,58.67\% $\pm$ 6.06\%,59.35\% $\pm$ 5.68\%,57.59\% $\pm$ 3.72\%,61.03\% $\pm$ 4.41\%,59.69\% $\pm$ 5.63\%,57.57\% $\pm$ 4.19\%,58.26\% $\pm$ 5.45\%,61.11\% $\pm$ 6.61\%,60.39\% $\pm$ 6.92\%,60.01\% $\pm$ 6.12\%,62.41\% $\pm$ 3.69\%,58.55\% $\pm$ 4.63\%,59.52\% $\pm$ 4.73\%,61.40\% $\pm$ 4.24\%,60.62\% $\pm$ 3.85\%,57.98\% $\pm$ 4.39\%,61.43\% $\pm$ 3.41\%,59.60\% $\pm$ 4.19\%,59.88\% $\pm$ 1.77\%,61.65\% $\pm$ 5.00\%,62.32\% $\pm$ 1.77\%,59.67\% $\pm$ 4.37\%,56.72\% $\pm$ 5.18\%,61.15\% $\pm$ 6.08\%,59.65\% $\pm$ 4.21\%,63.12\% $\pm$ 2.87\%,57.59\% $\pm$ 5.71\%,58.82\% $\pm$ 4.46\%,58.19\% $\pm$ 2.13\%,62.72\% $\pm$ 5.43\%,58.66\% $\pm$ 4.83\%,62.67\% $\pm$ 3.63\%,57.30\% $\pm$ 3.33\%,57.95\% $\pm$ 4.84\%,59.45\% $\pm$ 6.50\%,62.44\% $\pm$ 2.63\%,58.61\% $\pm$ 3.15\%,58.75\% $\pm$ 5.30\%,59.07\% $\pm$ 4.11\%,61.04\% $\pm$ 6.91\%,59.81\% $\pm$ 5.55\%,60.91\% $\pm$ 6.35\%,56.79\% $\pm$ 2.77\%,59.74\% $\pm$ 5.38\%,60.03\% $\pm$ 4.19\%,59.90\% $\pm$ 6.54\%,60.23\% $\pm$ 4.62\%,58.23\% $\pm$ 5.08\%
auc_roc,0.8006 $\pm$ 0.0447,0.8041 $\pm$ 0.0457,0.8086 $\pm$ 0.0400,0.8275 $\pm$ 0.0134,0.8172 $\pm$ 0.0172,0.8230 $\pm$ 0.0155,0.8202 $\pm$ 0.0184,0.8234 $\pm$ 0.0096,0.8253 $\pm$ 0.0180,0.8329 $\pm$ 0.0164,0.8273 $\pm$ 0.0132,0.8226 $\pm$ 0.0152,0.8218 $\pm$ 0.0117,0.8136 $\pm$ 0.0173,0.8219 $\pm$ 0.0172,0.8285 $\pm$ 0.0158,0.8273 $\pm$ 0.0102,0.8150 $\pm$ 0.0127,0.8225 $\pm$ 0.0231,0.8208 $\pm$ 0.0107,0.8217 $\pm$ 0.0242,0.8143 $\pm$ 0.0135,0.8161 $\pm$ 0.0172,0.8252 $\pm$ 0.0169,0.8096 $\pm$ 0.0115,0.8195 $\pm$ 0.0224,0.8251 $\pm$ 0.0189,0.8215 $\pm$ 0.0176,0.8228 $\pm$ 0.0196,0.8280 $\pm$ 0.0091,0.8129 $\pm$ 0.0051,0.8190 $\pm$ 0.0159,0.8125 $\pm$ 0.0190,0.8297 $\pm$ 0.0094,0.8327 $\pm$ 0.0168,0.8200 $\pm$ 0.0160,0.8102 $\pm$ 0.0049,0.8274 $\pm$ 0.0087,0.8245 $\pm$ 0.0093,0.8266 $\pm$ 0.0111,0.8263 $\pm$ 0.0239,0.8323 $\pm$ 0.0163,0.8278 $\pm$ 0.0154,0.8204 $\pm$ 0.0117,0.8284 $\pm$ 0.0128,0.8350 $\pm$ 0.0132,0.8182 $\pm$ 0.0095,0.8143 $\pm$ 0.0088,0.8376 $\pm$ 0.0114,0.8240 $\pm$ 0.0097,0.8280 $\pm$ 0.0096,0.8234 $\pm$ 0.0158,0.8238 $\pm$ 0.0120,0.8282 $\pm$ 0.0235,0.8193 $\pm$ 0.0114,0.8363 $\pm$ 0.0096,0.8254 $\pm$ 0.0162,0.8239 $\pm$ 0.0197,0.8279 $\pm$ 0.0242,0.8212 $\pm$ 0.0226,0.8192 $\pm$ 0.0328,0.8190 $\pm$ 0.0170,0.8151 $\pm$ 0.0151,0.8173 $\pm$ 0.0155,0.8225 $\pm$ 0.0128,0.8247 $\pm$ 0.0152,0.8228 $\pm$ 0.0177,0.8312 $\pm$ 0.0111,0.8167 $\pm$ 0.0138,0.8204 $\pm$ 0.0137,0.8278 $\pm$ 0.0257,0.8192 $\pm$ 0.0218,0.8254 $\pm$ 0.0085,0.8240 $\pm$ 0.0074,0.8261 $\pm$ 0.0206,0.8240 $\pm$ 0.0143,0.8160 $\pm$ 0.0169,0.8265 $\pm$ 0.0115,0.8174 $\pm$ 0.0135,0.8206 $\pm$ 0.0155,0.8299 $\pm$ 0.0105,0.8278 $\pm$ 0.0131,0.8282 $\pm$ 0.0186,0.8203 $\pm$ 0.0098,0.8142 $\pm$ 0.0101,0.8235 $\pm$ 0.0148,0.8173 $\pm$ 0.0190,0.8113 $\pm$ 0.0172,0.8196 $\pm$ 0.0130,0.8133 $\pm$ 0.0138,0.8153 $\pm$ 0.0120,0.8123 $\pm$ 0.0121,0.8208 $\pm$ 0.0108,0.8240 $\pm$ 0.0201,0.8315 $\pm$ 0.0168,0.8231 $\pm$ 0.0134,0.8142 $\pm$ 0.0110,0.8147 $\pm$ 0.0227,0.8123 $\pm$ 0.0163,0.8203 $\pm$ 0.0142,0.8182 $\pm$ 0.0149,0.8215 $\pm$ 0.0156,0.8148 $\pm$ 0.0113,0.8165 $\pm$ 0.0108,0.8165 $\pm$ 0.0103,0.8234 $\pm$ 0.0242,0.8192 $\pm$ 0.0132,0.8094 $\pm$ 0.0207,0.8148 $\pm$ 0.0133,0.8216 $\pm$ 0.0131,0.8081 $\pm$ 0.0162,0.8167 $\pm$ 0.0295,0.8149 $\pm$ 0.0179,0.8176 $\pm$ 0.0184,0.8180 $\pm$ 0.0181,0.8243 $\pm$ 0.0101,0.8212 $\pm$ 0.0240,0.8288 $\pm$ 0.0218,0.8143 $\pm$ 0.0143,0.8214 $\pm$ 0.0162,0.8204 $\pm$ 0.0252,0.8061 $\pm$ 0.0198,0.8190 $\pm$ 0.0205,0.8197 $\pm$ 0.0274,0.8287 $\pm$ 0.0183,0.8186 $\pm$ 0.0161,0.8274 $\pm$ 0.0170,0.8198 $\pm$ 0.0225,0.8280 $\pm$ 0.0229,0.8173 $\pm$ 0.0146,0.8108 $\pm$ 0.0134,0.8142 $\pm$ 0.0142,0.8169 $\pm$ 0.0117,0.8091 $\pm$ 0.0056,0.8188 $\pm$ 0.0203,0.8256 $\pm$ 0.0207,0.8208 $\pm$ 0.0170,0.8158 $\pm$ 0.0213,0.8085 $\pm$ 0.0197,0.8195 $\pm$ 0.0111,0.8180 $\pm$ 0.0223,0.8146 $\pm$ 0.0126,0.8241 $\pm$ 0.0186,0.8165 $\pm$ 0.0156,0.8090 $\pm$ 0.0160,0.8268 $\pm$ 0.0146,0.8124 $\pm$ 0.0228,0.8249 $\pm$ 0.0148,0.8123 $\pm$ 0.0090,0.8199 $\pm$ 0.0163,0.8129 $\pm$ 0.0200,0.8154 $\pm$ 0.0159,0.8205 $\pm$ 0.0154,0.8072 $\pm$ 0.0114,0.8173 $\pm$ 0.0331,0.8254 $\pm$ 0.0145,0.8229 $\pm$ 0.0110,0.8229 $\pm$ 0.0163,0.8120 $\pm$ 0.0167,0.8176 $\pm$ 0.0151,0.8175 $\pm$ 0.0103,0.8213 $\pm$ 0.0253,0.8162 $\pm$ 0.0167,0.8175 $\pm$ 0.0112
nof_imaging_features,17.2,36.6,56.0,75.2,94.4,113.6,133.4,153.4,173.2,191.6,211.0,230.4,250.6,269.8,290.2,309.8,329.8,349.2,369.2,389.0,408.6,428.4,448.2,469.0,488.2,507.8,527.4,548.0,567.8,587.4,606.0,627.0,646.0,666.2,686.0,705.8,724.6,745.2,765.6,784.6,804.0,824.8,844.2,864.4,883.2,904.2,922.8,943.6,963.6,983.0,1002.6,1021.8,1042.6,1062.8,1082.2,1102.2,1122.2,1141.0,1162.4,1181.0,1201.0,1221.0,1241.4,1261.8,1280.4,1300.0,1320.6,1340.8,1360.8,1379.6,1400.2,1420.6,1440.0,1459.4,1479.8,1499.8,1518.4,1539.8,1558.4,1579.4,1599.0,1619.6,1640.0,1659.0,1678.0,1698.8,1718.4,1737.8,1758.4,1778.8,1798.0,1818.0,1838.2,1858.0,1879.0,1897.4,1917.2,1937.6,1957.0,1978.6,1997.4,2017.4,2037.2,2057.4,2077.2,2097.2,2117.4,2135.0,2156.8,2176.4,2196.0,2216.0,2236.0,2257.0,2276.2,2295.6,2316.2,2335.4,2356.2,2374.4,2394.4,2414.2,2436.0,2454.6,2476.8,2495.0,2514.4,2533.2,2556.2,2573.2,2592.0,2612.4,2634.6,2652.0,2673.6,2692.0,2712.0,2732.0,2752.0,2772.0,2792.0,2812.0,2832.0,2852.0,2872.0,2892.0,2912.0,2932.0,2952.0,2972.0,2992.0,3012.0,3032.0,3052.0,3072.0,3092.0,3112.0,3132.0,3152.0,3172.0,3192.0,3212.0,3232.0,3243.0
nof_clinical_features,2.8,3.4,4.0,4.8,5.6,6.4,6.6,6.6,6.8,8.4,9.0,9.6,9.4,10.2,9.8,10.2,10.2,10.8,10.8,11.0,11.4,11.6,11.8,11.0,11.8,12.2,12.6,12.0,12.2,12.6,14.0,13.0,14.0,13.8,14.0,14.2,15.4,14.8,14.4,15.4,16.0,15.2,15.8,15.6,16.8,15.8,17.2,16.4,16.4,17.0,17.4,18.2,17.4,17.2,17.8,17.8,17.8,19.0,17.6,19.0,19.0,19.0,18.6,18.2,19.6,20.0,19.4,19.2,19.2,20.4,19.8,19.4,20.0,20.6,20.2,20.2,21.6,20.2,21.6,20.6,21.0,20.4,20.0,21.0,22.0,21.2,21.6,22.2,21.6,21.2,22.0,22.0,21.8,22.0,21.0,22.6,22.8,22.4,23.0,21.4,22.6,22.6,22.8,22.6,22.8,22.8,22.6,25.0,23.2,23.6,24.0,24.0,24.0,23.0,23.8,24.4,23.8,24.6,23.8,25.6,25.6,25.8,24.0,25.4,23.2,25.0,25.6,26.8,23.8,26.8,28.0,27.6,25.4,28.0,26.4,28.0,28.0,28.0,28.0,28.0,28.0,28.0,28.0,28.0,28.0,28.0,28.0,28.0,28.0,28.0,28.0,28.0,28.0,28.0,28.0,28.0,28.0,28.0,28.0,28.0,28.0,28.0,28.0,28.0
best_result,,,,,,,,,,,,,,,,,,,,,,,,,,,,,,,,,,,,,,,,,,,,,,,,,X (AUC-ROC = 0.8376),,,,,,,,,,,,,,,,,,,,,,,,,,,,,,,,,,,,,,,,,,,,,,,,,,,,,,,,,,,,,,,,,,,,,,,,,,,,,,,,,,,,,,,,,,,,,,,,,,,,,,,,,,,,,,,,,,,

vgg_16 (fc8),operation_point = 0.5
noftopfeatures,20.0,40.0,60.0,80.0,100.0,120.0,140.0,160.0,180.0,200.0,220.0,240.0,260.0,280.0,300.0,320.0,340.0,360.0,380.0,400.0,420.0,440.0,460.0,480.0,500.0,520.0,540.0,560.0,580.0,600.0,620.0,640.0,660.0,680.0,700.0,720.0,740.0,760.0,780.0,800.0,820.0,840.0,860.0,880.0,900.0,920.0,940.0,953.0
accuracy,77.34\% $\pm$ 1.01\%,79.37\% $\pm$ 1.75\%,79.03\% $\pm$ 2.49\%,79.37\% $\pm$ 2.38\%,78.60\% $\pm$ 2.00\%,79.81\% $\pm$ 1.59\%,79.90\% $\pm$ 1.61\%,79.95\% $\pm$ 1.55\%,81.26\% $\pm$ 0.45\%,80.10\% $\pm$ 1.58\%,80.34\% $\pm$ 1.72\%,80.29\% $\pm$ 1.32\%,80.77\% $\pm$ 1.49\%,80.10\% $\pm$ 1.27\%,81.06\% $\pm$ 2.70\%,81.30\% $\pm$ 1.59\%,79.90\% $\pm$ 1.40\%,80.72\% $\pm$ 1.06\%,81.16\% $\pm$ 0.85\%,81.45\% $\pm$ 0.74\%,81.50\% $\pm$ 1.20\%,81.11\% $\pm$ 0.96\%,81.21\% $\pm$ 1.63\%,80.82\% $\pm$ 1.86\%,81.69\% $\pm$ 1.32\%,81.30\% $\pm$ 1.68\%,81.74\% $\pm$ 2.09\%,81.11\% $\pm$ 1.10\%,81.45\% $\pm$ 1.57\%,80.68\% $\pm$ 1.01\%,81.01\% $\pm$ 1.58\%,80.97\% $\pm$ 1.13\%,81.40\% $\pm$ 2.23\%,81.11\% $\pm$ 1.65\%,80.63\% $\pm$ 1.63\%,80.68\% $\pm$ 2.34\%,81.01\% $\pm$ 1.69\%,81.01\% $\pm$ 1.55\%,80.58\% $\pm$ 1.65\%,80.24\% $\pm$ 2.23\%,80.19\% $\pm$ 2.08\%,80.92\% $\pm$ 1.12\%,80.63\% $\pm$ 1.82\%,80.77\% $\pm$ 1.91\%,81.69\% $\pm$ 1.84\%,80.72\% $\pm$ 2.04\%,80.72\% $\pm$ 2.34\%,80.39\% $\pm$ 1.92\%
mcc,0.3628 $\pm$ 0.0297,0.3884 $\pm$ 0.0433,0.3804 $\pm$ 0.0391,0.3981 $\pm$ 0.0455,0.3788 $\pm$ 0.0343,0.3833 $\pm$ 0.0176,0.3922 $\pm$ 0.0198,0.3902 $\pm$ 0.0236,0.4118 $\pm$ 0.0144,0.3849 $\pm$ 0.0294,0.3885 $\pm$ 0.0209,0.3925 $\pm$ 0.0331,0.3872 $\pm$ 0.0214,0.3863 $\pm$ 0.0262,0.3893 $\pm$ 0.0591,0.4093 $\pm$ 0.0261,0.3646 $\pm$ 0.0115,0.3932 $\pm$ 0.0145,0.3941 $\pm$ 0.0177,0.4089 $\pm$ 0.0328,0.4050 $\pm$ 0.0240,0.3943 $\pm$ 0.0303,0.4096 $\pm$ 0.0477,0.3972 $\pm$ 0.0508,0.4074 $\pm$ 0.0222,0.4087 $\pm$ 0.0519,0.4077 $\pm$ 0.0567,0.3985 $\pm$ 0.0236,0.3832 $\pm$ 0.0212,0.3835 $\pm$ 0.0289,0.4021 $\pm$ 0.0369,0.3938 $\pm$ 0.0302,0.4109 $\pm$ 0.0548,0.3826 $\pm$ 0.0522,0.3870 $\pm$ 0.0374,0.3919 $\pm$ 0.0519,0.3874 $\pm$ 0.0411,0.3952 $\pm$ 0.0339,0.3957 $\pm$ 0.0368,0.3798 $\pm$ 0.0540,0.3632 $\pm$ 0.0402,0.3883 $\pm$ 0.0133,0.3679 $\pm$ 0.0380,0.3905 $\pm$ 0.0356,0.4001 $\pm$ 0.0445,0.3817 $\pm$ 0.0285,0.3754 $\pm$ 0.0456,0.3688 $\pm$ 0.0579
f1_score,85.70\% $\pm$ 0.65\%,87.16\% $\pm$ 1.12\%,86.92\% $\pm$ 1.72\%,87.10\% $\pm$ 1.60\%,86.60\% $\pm$ 1.41\%,87.50\% $\pm$ 1.11\%,87.54\% $\pm$ 1.11\%,87.58\% $\pm$ 1.08\%,88.48\% $\pm$ 0.35\%,87.72\% $\pm$ 1.05\%,87.88\% $\pm$ 1.20\%,87.84\% $\pm$ 0.91\%,88.22\% $\pm$ 1.01\%,87.71\% $\pm$ 0.82\%,88.42\% $\pm$ 1.76\%,88.53\% $\pm$ 1.06\%,87.65\% $\pm$ 0.99\%,88.16\% $\pm$ 0.74\%,88.48\% $\pm$ 0.64\%,88.63\% $\pm$ 0.41\%,88.69\% $\pm$ 0.81\%,88.44\% $\pm$ 0.60\%,88.45\% $\pm$ 1.01\%,88.21\% $\pm$ 1.18\%,88.82\% $\pm$ 0.91\%,88.53\% $\pm$ 1.02\%,88.85\% $\pm$ 1.31\%,88.42\% $\pm$ 0.75\%,88.73\% $\pm$ 1.05\%,88.16\% $\pm$ 0.67\%,88.34\% $\pm$ 1.02\%,88.33\% $\pm$ 0.72\%,88.59\% $\pm$ 1.46\%,88.48\% $\pm$ 1.01\%,88.11\% $\pm$ 1.05\%,88.12\% $\pm$ 1.55\%,88.39\% $\pm$ 1.10\%,88.37\% $\pm$ 0.99\%,88.04\% $\pm$ 1.08\%,87.84\% $\pm$ 1.45\%,87.87\% $\pm$ 1.36\%,88.32\% $\pm$ 0.78\%,88.18\% $\pm$ 1.23\%,88.20\% $\pm$ 1.26\%,88.84\% $\pm$ 1.18\%,88.20\% $\pm$ 1.39\%,88.22\% $\pm$ 1.56\%,88.00\% $\pm$ 1.23\%
precision,93.88\% $\pm$ 1.10\%,93.98\% $\pm$ 0.69\%,93.80\% $\pm$ 0.97\%,94.25\% $\pm$ 0.48\%,93.95\% $\pm$ 1.08\%,93.63\% $\pm$ 0.96\%,93.87\% $\pm$ 0.88\%,93.81\% $\pm$ 0.93\%,93.98\% $\pm$ 1.24\%,93.59\% $\pm$ 0.64\%,93.59\% $\pm$ 1.13\%,93.75\% $\pm$ 1.50\%,93.39\% $\pm$ 1.03\%,93.65\% $\pm$ 0.68\%,93.29\% $\pm$ 0.94\%,93.86\% $\pm$ 0.65\%,93.05\% $\pm$ 1.06\%,93.61\% $\pm$ 1.15\%,93.49\% $\pm$ 1.24\%,93.86\% $\pm$ 0.54\%,93.66\% $\pm$ 1.02\%,93.51\% $\pm$ 1.02\%,93.95\% $\pm$ 0.65\%,93.71\% $\pm$ 0.84\%,93.64\% $\pm$ 1.32\%,93.90\% $\pm$ 0.36\%,93.66\% $\pm$ 0.44\%,93.64\% $\pm$ 1.01\%,93.02\% $\pm$ 0.77\%,93.36\% $\pm$ 0.98\%,93.77\% $\pm$ 0.67\%,93.55\% $\pm$ 0.90\%,93.86\% $\pm$ 1.19\%,93.18\% $\pm$ 0.65\%,93.47\% $\pm$ 0.52\%,93.58\% $\pm$ 0.46\%,93.33\% $\pm$ 0.89\%,93.56\% $\pm$ 0.71\%,93.74\% $\pm$ 0.72\%,93.38\% $\pm$ 0.88\%,92.89\% $\pm$ 0.40\%,93.39\% $\pm$ 0.87\%,92.89\% $\pm$ 0.92\%,93.48\% $\pm$ 0.61\%,93.45\% $\pm$ 0.45\%,93.22\% $\pm$ 0.84\%,93.04\% $\pm$ 0.82\%,93.02\% $\pm$ 1.35\%
recall,78.87\% $\pm$ 1.49\%,81.29\% $\pm$ 2.03\%,81.07\% $\pm$ 3.37\%,81.00\% $\pm$ 2.71\%,80.39\% $\pm$ 3.02\%,82.18\% $\pm$ 2.45\%,82.08\% $\pm$ 2.58\%,82.18\% $\pm$ 2.23\%,83.64\% $\pm$ 1.54\%,82.58\% $\pm$ 2.30\%,82.92\% $\pm$ 2.98\%,82.69\% $\pm$ 2.25\%,83.65\% $\pm$ 2.55\%,82.52\% $\pm$ 1.88\%,84.10\% $\pm$ 3.29\%,83.81\% $\pm$ 2.37\%,82.92\% $\pm$ 2.58\%,83.36\% $\pm$ 2.08\%,84.03\% $\pm$ 2.08\%,83.97\% $\pm$ 0.76\%,84.26\% $\pm$ 2.09\%,83.91\% $\pm$ 1.26\%,83.58\% $\pm$ 1.63\%,83.36\% $\pm$ 2.24\%,84.54\% $\pm$ 2.48\%,83.75\% $\pm$ 1.59\%,84.54\% $\pm$ 2.25\%,83.81\% $\pm$ 2.06\%,84.88\% $\pm$ 2.54\%,83.51\% $\pm$ 0.95\%,83.53\% $\pm$ 2.03\%,83.69\% $\pm$ 1.35\%,83.92\% $\pm$ 2.50\%,84.26\% $\pm$ 1.81\%,83.36\% $\pm$ 2.04\%,83.31\% $\pm$ 2.87\%,83.97\% $\pm$ 1.68\%,83.75\% $\pm$ 2.05\%,83.02\% $\pm$ 2.15\%,82.97\% $\pm$ 2.49\%,83.42\% $\pm$ 2.71\%,83.80\% $\pm$ 1.92\%,83.98\% $\pm$ 2.76\%,83.54\% $\pm$ 2.60\%,84.71\% $\pm$ 2.21\%,83.76\% $\pm$ 3.10\%,83.92\% $\pm$ 2.83\%,83.52\% $\pm$ 1.99\%
specificity,68.13\% $\pm$ 5.00\%,67.59\% $\pm$ 3.65\%,66.71\% $\pm$ 4.83\%,69.29\% $\pm$ 2.47\%,67.72\% $\pm$ 5.94\%,65.39\% $\pm$ 4.07\%,66.76\% $\pm$ 3.95\%,66.37\% $\pm$ 4.12\%,66.87\% $\pm$ 5.74\%,64.88\% $\pm$ 3.17\%,64.73\% $\pm$ 5.73\%,65.91\% $\pm$ 7.14\%,63.31\% $\pm$ 4.91\%,65.23\% $\pm$ 3.11\%,62.47\% $\pm$ 4.60\%,65.97\% $\pm$ 2.88\%,61.58\% $\pm$ 5.02\%,64.76\% $\pm$ 5.18\%,63.68\% $\pm$ 6.27\%,65.79\% $\pm$ 3.23\%,64.65\% $\pm$ 4.94\%,63.94\% $\pm$ 4.45\%,66.49\% $\pm$ 3.56\%,65.13\% $\pm$ 4.86\%,64.48\% $\pm$ 6.49\%,66.03\% $\pm$ 3.29\%,64.32\% $\pm$ 3.36\%,64.63\% $\pm$ 5.32\%,60.45\% $\pm$ 3.33\%,63.22\% $\pm$ 3.90\%,65.55\% $\pm$ 3.33\%,64.24\% $\pm$ 3.60\%,66.01\% $\pm$ 5.85\%,61.58\% $\pm$ 4.36\%,63.77\% $\pm$ 2.51\%,64.36\% $\pm$ 3.70\%,62.81\% $\pm$ 3.40\%,64.20\% $\pm$ 2.90\%,65.57\% $\pm$ 3.39\%,63.44\% $\pm$ 4.41\%,60.31\% $\pm$ 1.27\%,63.24\% $\pm$ 3.68\%,60.05\% $\pm$ 5.19\%,63.86\% $\pm$ 2.49\%,63.01\% $\pm$ 2.80\%,62.21\% $\pm$ 4.06\%,61.09\% $\pm$ 3.40\%,61.15\% $\pm$ 6.77\%
auc_roc,0.8245 $\pm$ 0.0201,0.8281 $\pm$ 0.0213,0.8273 $\pm$ 0.0239,0.8309 $\pm$ 0.0235,0.8284 $\pm$ 0.0212,0.8301 $\pm$ 0.0137,0.8356 $\pm$ 0.0129,0.8381 $\pm$ 0.0096,0.8368 $\pm$ 0.0128,0.8350 $\pm$ 0.0115,0.8308 $\pm$ 0.0162,0.8383 $\pm$ 0.0159,0.8374 $\pm$ 0.0167,0.8350 $\pm$ 0.0092,0.8385 $\pm$ 0.0146,0.8357 $\pm$ 0.0146,0.8270 $\pm$ 0.0105,0.8362 $\pm$ 0.0116,0.8445 $\pm$ 0.0088,0.8422 $\pm$ 0.0123,0.8432 $\pm$ 0.0138,0.8432 $\pm$ 0.0071,0.8398 $\pm$ 0.0195,0.8452 $\pm$ 0.0133,0.8419 $\pm$ 0.0126,0.8431 $\pm$ 0.0116,0.8406 $\pm$ 0.0096,0.8378 $\pm$ 0.0111,0.8429 $\pm$ 0.0102,0.8364 $\pm$ 0.0123,0.8334 $\pm$ 0.0193,0.8422 $\pm$ 0.0111,0.8411 $\pm$ 0.0059,0.8293 $\pm$ 0.0197,0.8316 $\pm$ 0.0175,0.8322 $\pm$ 0.0165,0.8337 $\pm$ 0.0126,0.8323 $\pm$ 0.0164,0.8379 $\pm$ 0.0087,0.8349 $\pm$ 0.0229,0.8264 $\pm$ 0.0161,0.8370 $\pm$ 0.0069,0.8350 $\pm$ 0.0171,0.8339 $\pm$ 0.0099,0.8343 $\pm$ 0.0144,0.8375 $\pm$ 0.0147,0.8384 $\pm$ 0.0127,0.8353 $\pm$ 0.0123
nof_imaging_features,15.6,34.2,53.2,72.0,90.8,110.4,129.4,149.4,168.8,187.6,205.6,225.0,245.0,265.6,285.0,304.2,323.6,343.4,362.6,382.2,401.8,421.0,441.4,460.2,480.2,500.0,520.2,537.6,557.8,576.0,597.2,618.0,635.6,655.0,673.8,693.6,713.6,732.4,753.4,772.2,793.2,812.2,832.0,852.2,872.0,892.0,912.0,925.0
nof_clinical_features,4.4,5.8,6.8,8.0,9.2,9.6,10.6,10.6,11.2,12.4,14.4,15.0,15.0,14.4,15.0,15.8,16.4,16.6,17.4,17.8,18.2,19.0,18.6,19.8,19.8,20.0,19.8,22.4,22.2,24.0,22.8,22.0,24.4,25.0,26.2,26.4,26.4,27.6,26.6,27.8,26.8,27.8,28.0,27.8,28.0,28.0,28.0,28.0
best_result,,,,,,,,,,,,,,,,,,,,,,,,X (AUC-ROC = 0.8452),,,,,,,,,,,,,,,,,,,,,,,,

